"","Country.Name","Country.Code","GNI_per_c_WB","year_GNI","iso3c","Economy","Region","Income group","q_GNI_per_c_WB","continent","owid_vac_intro","owid_vac_F40","owid_vac_F70","who_vac_intro","min_vac_intro","diff_owid_who_intro","diff_min_vac_intro_8Dec2020","diff_intro_F40","diff_intro_F70","owid_who","diff_min_vac_intro_8Dec2020_clean","V1_date_group","V1_group","V40_date_group","V40_group","V1_dummy","V40_dummy","V70_dummy","V1_dummy_no_date","V40_dummy_no_date","V70_dummy_no_date","name_short","vac_intro_hcw","vac_F40_hcw","vac_F70_hcw","vac_intro_old","vac_F40_old","vac_F70_old","V1_hcw_dummy","V40_hcw_dummy","V70_hcw_dummy","V1_old_dummy","V40_old_dummy","V70_old_dummy","V1_hcw_dummy_nd","V40_hcw_dummy_nd","V70_hcw_dummy_nd","V1_old_dummy_nd","V40_old_dummy_nd","V70_old_dummy_nd","cov_hcw_cps_2023-12-01","cov_hcw_cps_2021-12-01","cov_old_cps_2023-12-01","cov_old_cps_2021-12-01","cov_tot_cps_2023-12-01","cov_tot_cps_2021-12-01","cov_tot_boost_2023-12-01","cov_tot_boost_2021-12-01","cov_hcw_boost_2023-12-01","cov_hcw_boost_2021-12-01","cov_old_boost_2023-12-01","cov_old_boost_2021-12-01"
"1","Aruba","ABW",28720,2019,"ABW","Aruba","Latin America & Caribbean","High income",4,"North America",2021-03-29,"2021-05-22","2021-09-27",2021-02-17,2021-02-17,40,71,94,222,"who",71,"feb/2021","60-89","before Jun/2021","<180","yes","yes","yes","yes","yes","yes","Aruba",NA,NA,NA,"2022-03-01","2022-03-01","2022-03-01",NA,NA,NA,"no","no","yes",NA,NA,NA,"yes","yes","yes",NA,NA,0.940521984,NA,0.790167282,0.739111702,0.333992095,0,NA,NA,NA,NA
"2","Afghanistan","AFG",520,2019,"AFG","Afghanistan","South Asia","Low income",1,"Asia",2021-02-28,"2023-06-20",NA,2021-02-22,2021-02-22,6,76,848,NA,"who",76,"feb/2021","60-89","Dec/2021 +","360+","yes","no","no","yes","yes","no","Afghanistan","2021-03-01","2023-03-01",NA,"2022-08-01","2022-09-01",NA,"yes","no","no","no","no","no","yes","yes","no","yes","yes","no",0.480688679,0.162460435,0.563384296,NA,0.471902557,0.096924128,0.070127305,0,0.002484163,0,0.105394382,NA
"3","Angola","AGO",2110,2019,"AGO","Angola","Sub-Saharan Africa","Lower middle income",1,"Africa",2021-03-08,NA,NA,2021-03-10,2021-03-08,-2,90,NA,NA,"owid",90,"march/2021 +","90+","not reached","not reached","yes","no","no","yes","no","no",NA,NA,NA,NA,NA,NA,NA,NA,NA,NA,NA,NA,NA,NA,NA,NA,NA,NA,NA,NA,NA,NA,NA,0.292369028,0.122614606,0.093320319,0,NA,NA,NA,NA
"4","Albania","ALB",5280,2019,"ALB","Albania","Europe & Central Asia","Upper middle income",2,"Europe",2021-01-13,"2022-02-01",NA,2021-01-13,2021-01-13,0,36,384,NA,"equal",36,"jan/2021","30-59","Dec/2021 +","360+","yes","no","no","yes","yes","no","Albania","2021-01-01","2021-01-01","2022-03-01","2021-01-01","2021-01-01","2021-01-01","yes","yes","yes","yes","yes","yes","yes","yes","yes","yes","yes","yes",0.73795386,0.699659598,0.717547111,0.677781932,0.444552436,0.366417501,0.139818959,0,0.149085374,0.074501916,0.351971554,0.200365913
"5","Andorra","AND",46450,2019,"AND","Andorra","Europe & Central Asia","High income",4,"Europe",2021-01-25,"2021-07-19",NA,2021-01-20,2021-01-20,5,43,180,NA,"who",43,"jan/2021","30-59","Jun-Aug/2021","180-269","yes","yes","no","yes","yes","no","Andorra","2021-01-01",NA,NA,"2021-01-01","2021-01-01","2021-01-01","yes","no","no","yes","yes","yes","yes","no","no","yes","yes","yes",0.293347033,0.292833291,0.695002437,0.682115978,0.692435126,0.670236323,0.557445156,0.076212663,0.529925507,0.271512972,0.667496887,0.299312361
"6","United Arab Emirates","ARE",45070,2019,"ARE","United Arab Emirates","Middle East & North Africa","High income",4,"Asia",2021-01-05,"2021-04-20","2021-07-15",NA,2021-01-05,NA,28,105,191,"owid",28,"jan/2021","<30","before Jun/2021","<180","yes","yes","yes","yes","yes","yes",NA,NA,NA,NA,NA,NA,NA,NA,NA,NA,NA,NA,NA,NA,NA,NA,NA,NA,NA,NA,NA,NA,NA,0.990077653,0,0.51956422,0,NA,NA,NA,NA
"7","Argentina","ARG",11210,2019,"ARG","Argentina","Latin America & Caribbean","Upper middle income",3,"South America",2020-12-29,"2021-09-18","2022-01-14",2020-12-29,2020-12-29,0,21,263,381,"equal",21,"before jan/2021","<30","Sep-Nov/2021","180-269","yes","yes","yes","yes","yes","yes","Argentina","2021-03-01","2021-03-01","2021-04-01","2021-03-01","2021-07-01","2021-08-01","yes","yes","yes","yes","yes","yes","yes","yes","yes","yes","yes","yes",1,1,0.954630417,0.9279202,0.842780854,0.726143068,0.613306788,0.122066324,0.764104081,0.589538497,0.793951831,0.230741444
"8","Armenia","ARM",4650,2019,"ARM","Armenia","Europe & Central Asia","Upper middle income",2,"Asia",2021-03-31,NA,NA,2021-01-27,2021-01-27,63,50,NA,NA,"who",50,"jan/2021","30-59","not reached","not reached","yes","no","no","yes","no","no","Armenia","2022-01-01","2022-01-01",NA,"2022-01-01","2022-01-01",NA,"no","no","no","no","no","no","yes","yes","no","yes","yes","no",0.565625224,NA,0.343103665,NA,0.347849006,0.237541242,0.027454464,0,0.038728357,NA,0.020921754,NA
"9","Antigua and Barbuda","ATG",18240,2019,"ATG","Antigua and Barbuda","Latin America & Caribbean","High income",3,"North America",2021-03-15,"2021-09-24",NA,2021-03-01,2021-03-01,14,83,207,NA,"who",83,"march/2021 +","60-89","Sep-Nov/2021","180-269","yes","yes","no","yes","yes","no",NA,NA,NA,NA,NA,NA,NA,NA,NA,NA,NA,NA,NA,NA,NA,NA,NA,NA,NA,NA,NA,NA,NA,0.637032952,0.601078332,0.100460538,0,NA,NA,NA,NA
"10","Australia","AUS",54890,2019,"AUS","Australia","East Asia & Pacific","High income",4,"Oceania",2021-02-22,"2021-09-24","2021-11-21",2021-02-21,2021-02-21,1,75,215,273,"who",75,"feb/2021","60-89","Sep-Nov/2021","180-269","yes","yes","yes","yes","yes","yes","Australia","2021-02-01","2021-02-01","2021-02-01","2021-02-01","2021-02-01","2021-02-01","yes","yes","yes","yes","yes","yes","yes","yes","yes","yes","yes","yes",0.927322448,0.726559807,1,0.692199737,0.853581922,0.774733911,0.564382254,0,NA,NA,0.94584548,0
"11","Austria","AUT",51050,2019,"AUT","Austria","Europe & Central Asia","High income",4,"Europe",2021-01-08,"2021-07-09","2021-12-24",2020-12-30,2020-12-30,9,22,191,359,"who",22,"before jan/2021","<30","Jun-Aug/2021","180-269","yes","yes","yes","yes","yes","yes","Austria",NA,NA,NA,"2021-01-01","2021-01-01","2021-01-01",NA,NA,NA,"yes","yes","yes",NA,NA,NA,"yes","yes","yes",NA,NA,0.895886966,0.839409277,0.750738563,0.660665255,0.607339302,0,NA,NA,0.821390379,0.61435622
"12","Azerbaijan","AZE",4510,2019,"AZE","Azerbaijan","Europe & Central Asia","Upper middle income",2,"Asia",2021-02-06,"2021-10-14",NA,2021-01-20,2021-01-20,17,43,267,NA,"who",43,"jan/2021","30-59","Sep-Nov/2021","180-269","yes","yes","no","yes","yes","no",NA,NA,NA,NA,NA,NA,NA,NA,NA,NA,NA,NA,NA,NA,NA,NA,NA,NA,NA,NA,NA,NA,NA,0.482101552,0.44807968,0.345648241,0,NA,NA,NA,NA
"13","Burundi","BDI",220,2019,"BDI","Burundi","Sub-Saharan Africa","Low income",1,"Africa",2021-11-09,NA,NA,2021-10-18,2021-10-18,22,314,NA,NA,"who",314,"march/2021 +","90+","not reached","not reached","yes","no","no","yes","no","no","Burundi","2022-04-01",NA,NA,NA,NA,NA,"no","no","no",NA,NA,NA,"yes","no","no",NA,NA,NA,0.170892495,NA,NA,NA,0.00305455,0.000422941,2.6407e-05,0,0.002028398,NA,NA,NA
"14","Belgium","BEL",48050,2019,"BEL","Belgium","Europe & Central Asia","High income",4,"Europe",2020-12-30,"2021-07-08","2021-08-30",2020-12-30,2020-12-30,0,22,190,243,"equal",22,"before jan/2021","<30","Jun-Aug/2021","180-269","yes","yes","yes","yes","yes","yes","Belgium","2021-01-01","2021-01-01","2021-11-01","2021-01-01","2021-01-01","2021-01-01","yes","yes","yes","yes","yes","yes","yes","yes","yes","yes","yes","yes",0.747697012,0.686759942,1,0.88731724,0.794340088,0.726480192,0.628907679,0,0.759817992,0,1,0.589709706
"15","Benin","BEN",1170,2019,"BEN","Benin","Sub-Saharan Africa","Lower middle income",1,"Africa",2021-05-12,NA,NA,2021-03-29,2021-03-29,44,111,NA,NA,"who",111,"march/2021 +","90+","not reached","not reached","yes","no","no","yes","no","no","Benin","2022-03-01","2022-03-01","2022-03-01","2022-03-01",NA,NA,"no","no","yes","no","no","no","yes","yes","yes","yes","no","no",0.865073673,NA,0.13736416,NA,0.226246948,0.113637606,0,0,NA,NA,NA,NA
"16","Burkina Faso","BFA",750,2019,"BFA","Burkina Faso","Sub-Saharan Africa","Low income",1,"Africa",2021-06-10,NA,NA,2021-06-02,2021-06-02,8,176,NA,NA,"who",176,"march/2021 +","90+","not reached","not reached","yes","no","no","yes","no","no","Burkina Faso","2021-11-01","2021-11-01","2022-11-01","2023-01-01","2023-01-01",NA,"yes","yes","no","no","no","no","yes","yes","yes","yes","yes","no",0.806625956,0.455411666,0.008787242,NA,0.250312331,0.033601098,0.000194037,0,0.000754545,0,0.000424186,NA
"17","Bangladesh","BGD",2220,2019,"BGD","Bangladesh","South Asia","Lower middle income",2,"Asia",2021-02-07,"2022-02-18","2022-07-16",2021-01-27,2021-01-27,11,50,387,535,"who",50,"jan/2021","30-59","Dec/2021 +","360+","yes","no","no","yes","yes","yes","Bangladesh",NA,NA,NA,"2022-02-01","2022-02-01",NA,NA,NA,NA,"no","no","no",NA,NA,NA,"yes","yes","no",NA,NA,0.564522401,NA,0.86340281,0.314215873,0.416129976,0,NA,NA,NA,NA
"18","Bulgaria","BGR",9440,2019,"BGR","Bulgaria","Europe & Central Asia","Upper middle income",3,"Europe",2020-12-29,NA,NA,2020-12-30,2020-12-29,-1,21,NA,NA,"owid",21,"before jan/2021","<30","not reached","not reached","yes","no","no","yes","no","no","Bulgaria","2021-01-01","2021-01-01",NA,"2021-01-01","2021-01-01","2021-01-01","yes","yes","no","yes","yes","yes","yes","yes","no","yes","yes","yes",0.428839531,0.364198993,0.387110485,0.319352335,0.299284671,0.208511036,0.12439405,0,0.251346804,0.184270782,0.248207068,0.159773117
"19","Bahrain","BHR",25800,2019,"BHR","Bahrain","Middle East & North Africa","High income",4,"Asia",2020-12-23,"2021-05-11","2021-07-17",2020-11-04,2020-11-04,49,-34,188,255,"who",0,"before jan/2021","<30","before Jun/2021","180-269","yes","yes","yes","yes","yes","yes",NA,NA,NA,NA,NA,NA,NA,NA,NA,NA,NA,NA,NA,NA,NA,NA,NA,NA,NA,NA,NA,NA,NA,0.720976742,0.690809985,0.592781981,0.48103845,NA,NA,NA,NA
"20","Bahamas, The","BHS",30960,2019,"BHS","Bahamas, The","Latin America & Caribbean","High income",4,"North America",2021-03-14,"2022-09-16",NA,2021-03-14,2021-03-14,0,96,551,NA,"equal",96,"march/2021 +","90+","Dec/2021 +","360+","yes","no","no","yes","yes","no","Bahamas",NA,NA,NA,"2022-05-01","2022-05-01",NA,NA,NA,NA,"no","no","no",NA,NA,NA,"yes","yes","no",NA,NA,0.637084308,NA,0.42460152,0.374741891,0.08574066,0.017683677,NA,NA,0.274545166,NA
"21","Bosnia and Herzegovina","BIH",6180,2019,"BIH","Bosnia and Herzegovina","Europe & Central Asia","Upper middle income",2,"Europe",2021-04-14,NA,NA,NA,2021-04-14,NA,127,NA,NA,"owid",127,"march/2021 +","90+","not reached","not reached","yes","no","no","yes","no","no","Bosnia & Herzegovina","2021-04-01",NA,NA,"2021-04-01",NA,NA,"yes","no","no","yes","no","no","yes","no","no","yes","no","no",0.016567941,0.009818704,0.042734489,0.02667843,0.140575436,0.006446507,0.055535896,0,0.180326692,0.104828577,0.150199714,0.101324793
"22","Belarus","BLR",6370,2019,"BLR","Belarus","Europe & Central Asia","Upper middle income",2,"Europe",2021-02-18,"2022-01-16",NA,2021-02-03,2021-02-03,15,57,347,NA,"who",57,"feb/2021","30-59","Dec/2021 +","270-359","yes","no","no","yes","yes","no","Belarus","2021-03-01","2021-12-01","2021-12-01",NA,NA,NA,"yes","yes","yes",NA,NA,NA,"yes","yes","yes",NA,NA,NA,0.700246433,0.700246433,NA,NA,0.673768835,0.373047348,0.605802576,0,0.110006321,0.110006321,NA,NA
"23","Belize","BLZ",5870,2019,"BLZ","Belize","Latin America & Caribbean","Upper middle income",2,"North America",2021-03-02,"2021-11-12",NA,2021-03-01,2021-03-01,1,83,256,NA,"who",83,"march/2021 +","60-89","Sep-Nov/2021","180-269","yes","yes","no","yes","yes","no","Belize","2021-03-01","2021-06-01",NA,"2022-01-01","2022-01-01","2023-05-01","yes","yes","no","no","no","no","yes","yes","no","yes","yes","yes",0.577158396,0.564921822,0.756096034,NA,0.556997998,0.501840917,0.133765731,0.039458992,0.026285973,0.142080218,0.371803299,NA
"24","Bermuda","BMU",116920,2019,"BMU","Bermuda","North America","High income",4,"North America",2021-01-16,"2021-05-12","2021-12-10",2021-01-11,2021-01-11,5,34,121,333,"who",34,"jan/2021","30-59","before Jun/2021","<180","yes","yes","yes","yes","yes","yes",NA,NA,NA,NA,NA,NA,NA,NA,NA,NA,NA,NA,NA,NA,NA,NA,NA,NA,NA,NA,NA,NA,NA,0.765291539,0.730444976,0.514123296,0.325454049,NA,NA,NA,NA
"25","Bolivia","BOL",3470,2019,"BOL","Bolivia","Latin America & Caribbean","Lower middle income",2,"South America",2021-02-02,"2022-01-14",NA,2021-01-30,2021-01-30,3,53,349,NA,"who",53,"jan/2021","30-59","Dec/2021 +","270-359","yes","no","no","yes","yes","no","Bolivia","2021-05-01","2021-05-01","2021-05-01","2021-05-01","2021-08-01","2021-11-01","yes","yes","yes","yes","yes","yes","yes","yes","yes","yes","yes","yes",1,1,0.763669637,0.719829957,0.540359518,0.398675716,0.215984534,0.048044204,1,0.372621656,0.407477357,0.112849334
"26","Brazil","BRA",9410,2019,"BRA","Brazil","Latin America & Caribbean","Upper middle income",3,"South America",2021-01-19,"2021-09-24","2022-02-05",2021-01-17,2021-01-17,2,40,250,384,"who",40,"jan/2021","30-59","Sep-Nov/2021","180-269","yes","yes","yes","yes","yes","yes","Brazil","2021-05-01","2022-01-01","2022-01-01","2021-05-01","2021-05-01","2022-01-01","yes","no","yes","yes","yes","yes","yes","yes","yes","yes","yes","yes",1,1.03483e-06,1,0.456489156,0.813307951,0.672753068,0.520204202,0.075273071,1,NA,1,NA
"27","Barbados","BRB",19490,2019,"BRB","Barbados","Latin America & Caribbean","High income",3,"North America",2021-02-15,"2021-10-11",NA,2021-01-08,2021-01-08,38,31,276,NA,"who",31,"jan/2021","30-59","Sep-Nov/2021","270-359","yes","yes","no","yes","yes","no",NA,NA,NA,NA,NA,NA,NA,NA,NA,NA,NA,NA,NA,NA,NA,NA,NA,NA,NA,NA,NA,NA,NA,0.539528491,0.49708221,0.218696825,0,NA,NA,NA,NA
"28","Brunei Darussalam","BRN",31550,2019,"BRN","Brunei Darussalam","East Asia & Pacific","High income",4,"Asia",2021-04-03,"2021-09-28","2021-11-19",2021-04-03,2021-04-03,0,116,178,230,"equal",116,"march/2021 +","90+","Sep-Nov/2021","<180","yes","yes","yes","yes","yes","yes","Brunei","2021-10-01","2021-10-01","2021-10-01","2021-04-01","2021-09-01","2021-10-01","yes","yes","yes","yes","yes","yes","yes","yes","yes","yes","yes","yes",1,1,1,1,1.021109585,0.915909106,0.778245356,0,NA,NA,0.953273977,0.015597881
"29","Bhutan","BTN",3370,2019,"BTN","Bhutan","South Asia","Lower middle income",2,"Asia",2021-03-27,"2021-07-23","2021-10-31",2021-03-27,2021-03-27,0,109,118,218,"equal",109,"march/2021 +","90+","Jun-Aug/2021","<180","yes","yes","yes","yes","yes","yes","Bhutan","2022-05-01","2022-05-01","2022-05-01","2022-05-01","2022-05-01","2022-05-01","no","no","yes","no","no","yes","yes","yes","yes","yes","yes","yes",0.920138815,NA,0.824368533,NA,0.878255539,0.736372244,0.822491472,0,0.388289172,NA,0.781671651,NA
"30","Botswana","BWA",7520,2019,"BWA","Botswana","Sub-Saharan Africa","Upper middle income",3,"Africa",2021-04-02,"2022-01-17",NA,2021-03-26,2021-03-26,7,108,297,NA,"who",108,"march/2021 +","90+","Dec/2021 +","270-359","yes","no","no","yes","yes","no","Botswana","2021-11-01","2021-11-01","2021-11-01","2021-11-01","2021-11-01","2021-11-01","yes","yes","yes","yes","yes","yes","yes","yes","yes","yes","yes","yes",1,0.924819992,1,1,0.707378338,0.439683249,0.217215145,0,NA,NA,NA,NA
"31","Central African Republic","CAF",500,2019,"CAF","Central African Republic","Sub-Saharan Africa","Low income",1,"Africa",2021-05-12,"2023-03-05",NA,2021-03-19,2021-03-19,54,101,716,NA,"who",101,"march/2021 +","90+","Dec/2021 +","360+","yes","no","no","yes","yes","no","CAR","2022-10-01","2022-10-01","2022-10-01","2022-12-01","2022-12-01","2022-12-01","no","no","no","no","no","no","yes","yes","yes","yes","yes","yes",1,NA,1,NA,0.514514468,0.089385885,0.075825811,0,1,NA,0.178007899,NA
"32","Canada","CAN",46580,2019,"CAN","Canada","North America","High income",4,"North America",2020-12-16,"2021-07-09","2021-09-28",2020-12-14,2020-12-14,2,6,207,288,"who",6,"before jan/2021","<30","Jun-Aug/2021","180-269","yes","yes","yes","yes","yes","yes","Canada",NA,NA,NA,"2021-03-01","2021-06-01","2021-07-01",NA,NA,NA,"yes","yes","yes",NA,NA,NA,"yes","yes","yes",NA,NA,0.673176727,0.880544367,0.829702195,0.776024336,0.526211832,0.193825212,NA,NA,0.57276731,NA
"33","Switzerland","CHE",83160,2019,"CHE","Switzerland","Europe & Central Asia","High income",4,"Europe",2020-12-24,NA,NA,2020-12-23,2020-12-23,1,15,NA,NA,"who",15,"before jan/2021","<30","not reached","not reached","yes","no","no","yes","no","no","Switzerland","2021-02-01","2021-05-01",NA,"2021-01-01","2021-01-01","2021-01-01","yes","yes","no","yes","yes","yes","yes","yes","no","yes","yes","yes",0.646471851,0.617932299,0.843047386,0.833496975,0.661273091,0.638775854,0.577339173,0,0,0,1,0
"34","Chile","CHL",14690,2019,"CHL","Chile","Latin America & Caribbean","High income",3,"South America",2020-12-25,"2021-05-25","2021-09-02",2020-12-21,2020-12-21,4,13,155,255,"who",13,"before jan/2021","<30","before Jun/2021","<180","yes","yes","yes","yes","yes","yes","Chile","2021-03-01","2021-03-01","2021-03-01","2021-03-01","2021-03-01","2021-03-01","yes","yes","yes","yes","yes","yes","yes","yes","yes","yes","yes","yes",1,1,0.944866616,0.882902403,0.927066994,0.864651925,0.825448215,0.571304884,0.519046537,0.481773711,0.931000284,NA
"35","China","CHN",10310,2019,"CHN","China","East Asia & Pacific","Upper middle income",3,"Asia",2020-12-15,"2021-08-12","2021-09-15",2020-07-22,2020-07-22,146,-139,386,420,"who",0,"before jan/2021","<30","Jun-Aug/2021","360+","yes","yes","yes","yes","yes","yes","China","2021-01-01","2021-01-01","2021-01-01","2021-01-01","2021-01-01","2021-01-01","yes","yes","yes","yes","yes","yes","yes","yes","yes","yes","yes","yes",0.930547824,0.709907984,0.891551735,0.798542025,0.873031358,0.800632406,0.566891573,0.082224423,NA,NA,0.747073375,0.747073375
"36","Cote d'Ivoire","CIV",2120,2019,"CIV","Côte d’Ivoire","Sub-Saharan Africa","Lower middle income",1,"Africa",2021-03-06,"2022-12-18",NA,2021-03-01,2021-03-01,5,83,657,NA,"who",83,"march/2021 +","60-89","Dec/2021 +","360+","yes","no","no","yes","yes","no","Côte d'Ivoire","2021-03-01",NA,NA,"2021-10-01","2022-02-01","2022-10-01","yes","no","no","yes","no","no","yes","no","no","yes","yes","yes",0.393155138,0.195909337,1,0.209840727,0.461148595,0.081978753,0.118988528,0,0.054867257,0,0,0
"37","Cameroon","CMR",1560,2019,"CMR","Cameroon","Sub-Saharan Africa","Lower middle income",1,"Africa",2021-04-29,NA,NA,2021-04-12,2021-04-12,17,125,NA,NA,"who",125,"march/2021 +","90+","not reached","not reached","yes","no","no","yes","no","no","Cameroon","2021-10-01","2022-09-01",NA,"2021-10-01",NA,NA,"yes","no","no","yes","no","no","yes","yes","no","yes","no","no",0.19790801,0.31247956,0.058339011,0.079093417,0.120443852,0.024883727,0.03027063,0,0.212276366,NA,0.105241668,NA
"38","Congo, Dem. Rep.","COD",490,2019,"COD","Congo, Dem. Rep.","Sub-Saharan Africa","Low income",1,"Africa",2021-05-12,NA,NA,2021-04-19,2021-04-19,23,132,NA,NA,"who",132,"march/2021 +","90+","not reached","not reached","yes","no","no","yes","no","no","DRCongo","2021-11-01","2022-09-01","2022-12-01","2021-11-01","2023-03-01",NA,"yes","no","no","yes","no","no","yes","yes","yes","yes","yes","no",1,0.025207446,0.697797208,0.001391315,0.160778187,0.001358768,0,0,NA,NA,0,0
"39","Congo, Rep.","COG",2180,2019,"COG","Congo, Rep.","Sub-Saharan Africa","Lower middle income",2,"Africa",2021-04-14,NA,NA,2021-03-23,2021-03-23,22,105,NA,NA,"who",105,"march/2021 +","90+","not reached","not reached","yes","no","no","yes","no","no",NA,NA,NA,NA,NA,NA,NA,NA,NA,NA,NA,NA,NA,NA,NA,NA,NA,NA,NA,NA,NA,NA,NA,0.1185409,0.106347567,0,0,NA,NA,NA,NA
"40","Colombia","COL",6630,2019,"COL","Colombia","Latin America & Caribbean","Upper middle income",3,"South America",2021-02-18,"2021-10-26","2022-07-29",2021-02-17,2021-02-17,1,71,251,527,"who",71,"feb/2021","60-89","Sep-Nov/2021","180-269","yes","yes","no","yes","yes","yes","Colombia","2021-07-01","2021-07-01","2021-07-01","2021-07-01","2021-07-01","2021-07-01","yes","yes","yes","yes","yes","yes","yes","yes","yes","yes","yes","yes",1,0.736836678,1,0.743227362,0.731171662,0.554471541,0.293698171,0.063676217,0.746377192,0.009691375,0.622994133,0.0334598
"41","Comoros","COM",1530,2019,"COM","Comoros","Sub-Saharan Africa","Lower middle income",1,"Africa",2021-04-21,"2022-07-03",NA,2021-04-10,2021-04-10,11,123,449,NA,"who",123,"march/2021 +","90+","Dec/2021 +","360+","yes","no","no","yes","yes","no","Comoros","2021-11-01","2021-11-01","2021-11-01","2022-04-01","2023-01-01","2023-01-01","yes","yes","yes","no","no","no","yes","yes","yes","yes","yes","yes",1,1,0.069136103,NA,0.45662321,0.283048203,0,0,0,0,1.01373e-05,NA
"42","Cabo Verde","CPV",4420,2019,"CPV","Cabo Verde","Sub-Saharan Africa","Lower middle income",2,"Africa",2021-03-24,"2021-11-26",NA,2021-03-18,2021-03-18,6,100,253,NA,"who",100,"march/2021 +","90+","Sep-Nov/2021","180-269","yes","yes","no","yes","yes","no","Cabo Verde","2021-10-01","2021-10-01","2021-10-01","2021-10-01","2021-10-01",NA,"yes","yes","yes","yes","yes","no","yes","yes","yes","yes","yes","no",1,1,0.437290503,0.411140954,0.555264781,0.465828637,0.001347154,9.93032e-06,0.489123412,0.155072152,0.193833262,0.02060593
"43","Costa Rica","CRI",12240,2019,"CRI","Costa Rica","Latin America & Caribbean","Upper middle income",3,"North America",2021-01-03,"2021-09-27","2022-01-17",2020-12-24,2020-12-24,10,16,277,389,"who",16,"before jan/2021","<30","Sep-Nov/2021","270-359","yes","yes","yes","yes","yes","yes","Costa Rica","2021-03-01","2021-03-01","2021-03-01","2021-03-01","2021-07-01","2021-07-01","yes","yes","yes","yes","yes","yes","yes","yes","yes","yes","yes","yes",1,1,0.990153656,0.841689092,0.857809733,0.688083001,0.586269694,0.060116393,1,0.572322923,0.858754343,0.473664521
"44","Cuba","CUB",9010,2019,"CUB","Cuba","Latin America & Caribbean","Upper middle income",3,"North America",2021-05-31,"2021-09-18","2021-11-09",NA,2021-05-31,NA,174,110,162,"owid",174,"march/2021 +","90+","Sep-Nov/2021","<180","yes","yes","yes","yes","yes","yes","Cuba","2023-12-01","2023-12-01","2023-12-01",NA,NA,NA,"no","no","no",NA,NA,NA,"yes","yes","yes",NA,NA,NA,0.930038207,NA,NA,NA,0.886759735,0.852845281,0.7754565,0.159725641,NA,NA,NA,NA
"45","Curacao","CUW",19140,2019,"CUW","Curaçao","Latin America & Caribbean","High income",3,"North America",2021-03-29,"2021-06-21",NA,NA,2021-03-29,NA,111,84,NA,"owid",111,"march/2021 +","90+","Jun-Aug/2021","<180","yes","yes","no","yes","yes","no",NA,NA,NA,NA,NA,NA,NA,NA,NA,NA,NA,NA,NA,NA,NA,NA,NA,NA,NA,NA,NA,NA,NA,0.6148038,0.588757595,0.289305455,0.098084623,NA,NA,NA,NA
"46","Cayman Islands","CYM",64520,2019,"CYM","Cayman Islands","Latin America & Caribbean","High income",4,"North America",2021-02-04,"2021-04-20","2021-08-06",2021-01-15,2021-01-15,20,38,95,203,"who",38,"jan/2021","30-59","before Jun/2021","<180","yes","yes","yes","yes","yes","yes",NA,NA,NA,NA,NA,NA,NA,NA,NA,NA,NA,NA,NA,NA,NA,NA,NA,NA,NA,NA,NA,NA,NA,0.923554474,0.868746196,0.366159464,0.253606208,NA,NA,NA,NA
"47","Cyprus","CYP",28840,2019,"CYP","Cyprus","Europe & Central Asia","High income",4,"Europe",2021-01-06,"2021-07-02","2022-01-31",2020-12-23,2020-12-23,14,15,191,404,"who",15,"before jan/2021","<30","Jun-Aug/2021","180-269","yes","yes","yes","yes","yes","yes","Cyprus","2021-01-01",NA,NA,"2021-01-01","2021-01-01","2021-01-01","yes","no","no","yes","yes","yes","yes","no","no","yes","yes","yes",0.12527571,0.124310725,0.748528082,0.732127297,0.738889984,0.684061142,0.585611568,0,0.116969948,0.096912049,0.828418798,0.495985309
"48","Czechia","CZE",22100,2019,"CZE","Czechia","Europe & Central Asia","High income",3,"Europe",2020-12-27,"2021-07-16",NA,2020-12-23,2020-12-23,4,15,205,NA,"who",15,"before jan/2021","<30","Jun-Aug/2021","180-269","yes","yes","no","yes","yes","no","Czechia","2021-01-01","2021-01-01","2021-01-01","2021-01-01","2021-01-01","2021-01-01","yes","yes","yes","yes","yes","yes","yes","yes","yes","yes","yes","yes",1,0.945995975,0.847545546,0.795337129,0.644100644,0.58321788,0.408261914,0,0.776465405,0.540851373,0.809518551,0.436634298
"49","Germany","DEU",49470,2019,"DEU","Germany","Europe & Central Asia","High income",4,"Europe",2020-12-27,"2021-07-06","2021-12-18",2020-12-23,2020-12-23,4,15,195,360,"who",15,"before jan/2021","<30","Jun-Aug/2021","180-269","yes","yes","yes","yes","yes","yes","Germany",NA,NA,NA,"2021-01-01","2021-01-01","2021-01-01",NA,NA,NA,"yes","yes","yes",NA,NA,NA,"yes","yes","yes",NA,NA,0.900443895,0.900443895,0.764321881,0.668148431,0.626979538,0,NA,NA,0.853181872,0.853181872
"50","Djibouti","DJI",2780,2019,"DJI","Djibouti","Middle East & North Africa","Lower middle income",2,"Africa",2021-04-17,NA,NA,2021-03-15,2021-03-15,33,97,NA,NA,"who",97,"march/2021 +","90+","not reached","not reached","yes","no","no","yes","no","no",NA,NA,NA,NA,NA,NA,NA,NA,NA,NA,NA,NA,NA,NA,NA,NA,NA,NA,NA,NA,NA,NA,NA,0.355983806,0.073667537,0,0,NA,NA,NA,NA
"51","Dominica","DMA",8690,2019,"DMA","Dominica","Latin America & Caribbean","Upper middle income",3,"North America",2021-02-23,"2022-02-02",NA,2021-02-12,2021-02-12,11,66,355,NA,"who",66,"feb/2021","60-89","Dec/2021 +","270-359","yes","no","no","yes","yes","no","Dominica","2021-07-01",NA,NA,"2021-07-01","2021-07-01","2023-12-01","yes","no","no","yes","yes","no","yes","no","no","yes","yes","yes",0.317361111,0.317361111,0.809311498,0.457858184,0.425872679,0.393729772,0.055465266,0,0,0,NA,NA
"52","Denmark","DNK",63020,2019,"DNK","Denmark","Europe & Central Asia","High income",4,"Europe",2021-01-01,"2021-07-16","2021-09-03",2020-12-16,2020-12-16,16,8,212,261,"who",8,"before jan/2021","<30","Jun-Aug/2021","180-269","yes","yes","yes","yes","yes","yes","Denmark","2021-01-01","2021-01-01","2021-07-01","2021-01-01","2021-01-01","2021-01-01","yes","yes","yes","yes","yes","yes","yes","yes","yes","yes","yes","yes",0.917651665,0.914066979,1,0.970576926,0.821136804,0.808596033,0.631088368,0,0.545939522,0.40385355,0.98303831,0.503315432
"53","Dominican Republic","DOM",7980,2019,"DOM","Dominican Republic","Latin America & Caribbean","Upper middle income",3,"North America",2021-02-17,"2021-08-18",NA,2021-02-16,2021-02-16,1,70,183,NA,"who",70,"feb/2021","60-89","Jun-Aug/2021","180-269","yes","yes","no","yes","yes","no",NA,NA,NA,NA,NA,NA,NA,NA,NA,NA,NA,NA,NA,NA,NA,NA,NA,NA,NA,NA,NA,NA,NA,0.565130334,0.525359263,0.237386003,0.133299778,NA,NA,NA,NA
"54","Algeria","DZA",4480,2019,"DZA","Algeria","Middle East & North Africa","Lower middle income",2,"Africa",2021-02-19,NA,NA,2021-01-30,2021-01-30,20,53,NA,NA,"who",53,"jan/2021","30-59","not reached","not reached","yes","no","no","yes","no","no",NA,NA,NA,NA,NA,NA,NA,NA,NA,NA,NA,NA,NA,NA,NA,NA,NA,NA,NA,NA,NA,NA,NA,0.147800039,0.130160353,0.013127418,0.002709251,NA,NA,NA,NA
"55","Ecuador","ECU",6100,2019,"ECU","Ecuador","Latin America & Caribbean","Upper middle income",2,"South America",2021-01-21,"2021-08-23","2021-12-28",2021-01-20,2021-01-20,1,43,215,342,"who",43,"jan/2021","30-59","Jun-Aug/2021","180-269","yes","yes","yes","yes","yes","yes","Ecuador","2021-06-01","2021-06-01","2021-06-01","2021-06-01","2021-08-01","2021-10-01","yes","yes","yes","yes","yes","yes","yes","yes","yes","yes","yes","yes",1,1,0.911570053,0.885941631,0.8076583,0.717633863,0.438298834,0.062712669,1,0.522968587,0.73453078,0.345821656
"56","Egypt, Arab Rep.","EGY",2640,2019,"EGY","Egypt, Arab Rep.","Middle East & North Africa","Lower middle income",2,"Africa",2021-03-27,NA,NA,2021-01-24,2021-01-24,62,47,NA,NA,"who",47,"jan/2021","30-59","not reached","not reached","yes","no","no","yes","no","no",NA,NA,NA,NA,NA,NA,NA,NA,NA,NA,NA,NA,NA,NA,NA,NA,NA,NA,NA,NA,NA,NA,NA,0.413713994,0.212644553,0.14870221,0.001367019,NA,NA,NA,NA
"57","Eritrea","ERI",650,2011,"ERI","Eritrea","Sub-Saharan Africa","Low income",1,NA,NA,NA,NA,NA,NA,NA,NA,NA,NA,"no date",NA,"not reached","not reached","not reached","not reached","no","no","no","no","no","no",NA,NA,NA,NA,NA,NA,NA,NA,NA,NA,NA,NA,NA,NA,NA,NA,NA,NA,NA,NA,NA,NA,NA,NA,NA,NA,NA,NA,NA,NA,NA
"58","Spain","ESP",30370,2019,"ESP","Spain","Europe & Central Asia","High income",4,"Europe",2021-01-04,"2021-07-04","2021-08-31",2020-12-30,2020-12-30,5,22,186,244,"who",22,"before jan/2021","<30","Jun-Aug/2021","180-269","yes","yes","yes","yes","yes","yes","Spain","2021-01-01","2021-01-01","2021-01-01","2021-01-01","2021-01-01","2021-01-01","yes","yes","yes","yes","yes","yes","yes","yes","yes","yes","yes","yes",1,1,0.956243493,0.920705744,0.791974409,0.70984527,0.695394533,0,1,0.354097409,1,0.589782818
"59","Estonia","EST",23060,2019,"EST","Estonia","Europe & Central Asia","High income",4,"Europe",2020-12-27,"2021-07-19",NA,2020-12-23,2020-12-23,4,15,208,NA,"who",15,"before jan/2021","<30","Jun-Aug/2021","180-269","yes","yes","no","yes","yes","no","Estonia","2021-01-01","2021-05-01",NA,"2021-01-01","2021-01-01","2021-01-01","yes","yes","no","yes","yes","yes","yes","yes","no","yes","yes","yes",0.688698378,0.633498241,0.807161724,0.703356677,0.633703694,0.542834376,0.366740257,0,0,0,0.782143412,0.440238502
"60","Ethiopia","ETH",820,2019,"ETH","Ethiopia","Sub-Saharan Africa","Low income",1,"Africa",2021-04-08,NA,NA,2021-03-13,2021-03-13,26,95,NA,NA,"who",95,"march/2021 +","90+","not reached","not reached","yes","no","no","yes","no","no","Ethiopia","2021-10-01","2021-10-01",NA,"2021-10-01","2022-02-01","2022-07-01","yes","yes","no","yes","no","no","yes","yes","no","yes","yes","yes",0.555193698,0.555193698,0.869525015,0.169506403,0.379711583,0.034750199,0.051999682,0,NA,NA,0.140897532,0.000234437
"61","Finland","FIN",49950,2019,"FIN","Finland","Europe & Central Asia","High income",4,"Europe",2021-01-17,"2021-08-15","2021-10-31",2020-12-23,2020-12-23,25,15,235,312,"who",15,"before jan/2021","<30","Jun-Aug/2021","180-269","yes","yes","yes","yes","yes","yes","Finland",NA,NA,NA,"2021-01-01","2021-01-01","2021-01-01",NA,NA,NA,"yes","yes","yes",NA,NA,NA,"yes","yes","yes",NA,NA,0.944202418,0.922775783,0.79002793,0.748278927,0.72687362,0,NA,NA,1,0.451266521
"62","Fiji","FJI",5620,2019,"FJI","Fiji","East Asia & Pacific","Upper middle income",2,"Oceania",2021-04-13,"2021-09-21",NA,2021-03-07,2021-03-07,37,89,198,NA,"who",89,"march/2021 +","60-89","Sep-Nov/2021","180-269","yes","yes","no","yes","yes","no","Fiji","2021-11-01","2021-11-01","2021-11-01","2021-11-01","2021-11-01","2021-11-01","yes","yes","yes","yes","yes","yes","yes","yes","yes","yes","yes","yes",1,1,0.896631539,0.896631539,0.715263067,0.679958875,0.191956004,0,NA,NA,NA,NA
"63","France","FRA",42470,2019,"FRA","France","Europe & Central Asia","High income",4,"Europe",2021-01-01,"2021-07-15","2021-12-03",2020-12-23,2020-12-23,9,15,204,345,"who",15,"before jan/2021","<30","Jun-Aug/2021","180-269","yes","yes","yes","yes","yes","yes","France","2021-03-01","2021-05-01",NA,"2021-01-01","2021-01-01","2021-01-01","yes","yes","no","yes","yes","yes","yes","yes","no","yes","yes","yes",0.679774718,0.679774718,0.928996345,0.890829724,0.817799388,0.744033468,0.631035739,0,NA,NA,0.860694765,0.563295803
"64","Faroe Islands","FRO",66010,2019,"FRO","Faroe Islands","Europe & Central Asia","High income",4,"Europe",2021-01-29,"2021-07-07","2021-10-19",NA,2021-01-29,NA,52,159,263,"owid",52,"jan/2021","30-59","Jun-Aug/2021","<180","yes","yes","yes","yes","yes","yes",NA,NA,NA,NA,NA,NA,NA,NA,NA,NA,NA,NA,NA,NA,NA,NA,NA,NA,NA,NA,NA,NA,NA,NA,NA,NA,NA,NA,NA,NA,NA
"65","Gabon","GAB",6870,2019,"GAB","Gabon","Sub-Saharan Africa","Upper middle income",3,"Africa",2021-03-31,NA,NA,2021-03-23,2021-03-23,8,105,NA,NA,"who",105,"march/2021 +","90+","not reached","not reached","yes","no","no","yes","no","no","Gabon","2023-02-01","2023-02-01",NA,"2023-02-01","2023-03-01","2023-03-01","no","no","no","no","no","no","yes","yes","no","yes","yes","yes",0.259268957,NA,1,NA,0.115679142,0.086061048,0.00116456,0,0.011311269,NA,0.156764409,NA
"66","United Kingdom","GBR",43240,2019,"GBR","United Kingdom","Europe & Central Asia","High income",4,"Europe",2021-01-10,"2021-06-04","2021-12-23",2020-12-21,2020-12-21,20,13,165,367,"who",13,"before jan/2021","<30","Jun-Aug/2021","<180","yes","yes","yes","yes","yes","yes",NA,NA,NA,NA,NA,NA,NA,NA,NA,NA,NA,NA,NA,NA,NA,NA,NA,NA,NA,NA,NA,NA,NA,0.747767802,0,0,0,NA,NA,NA,NA
"67","Georgia","GEO",4780,2019,"GEO","Georgia","Europe & Central Asia","Upper middle income",2,"Asia",2021-03-29,NA,NA,2021-03-17,2021-03-17,12,99,NA,NA,"who",99,"march/2021 +","90+","not reached","not reached","yes","no","no","yes","no","no","Georgia","2021-03-01","2021-09-01",NA,"2021-03-01","2022-01-01",NA,"yes","yes","no","yes","no","no","yes","yes","no","yes","yes","no",0.528101402,0.140527253,0.432438074,0.339667742,0.297608403,0.260976464,0.062968158,0,0.154562408,0.089674237,0.141201718,0.087247606
"68","Ghana","GHA",2170,2019,"GHA","Ghana","Sub-Saharan Africa","Lower middle income",1,"Africa",2021-03-08,NA,NA,2021-03-02,2021-03-02,6,84,NA,NA,"who",84,"march/2021 +","60-89","not reached","not reached","yes","no","no","yes","no","no","Ghana","2021-12-01","2021-12-01",NA,"2021-10-01","2023-03-01","2023-03-01","yes","yes","no","yes","no","no","yes","yes","no","yes","yes","yes",0.694345076,0.660526706,0.852099006,0.037488234,0.34692575,0.082280899,0.154668886,0,0.054849548,NA,0.007455541,0
"69","Guinea","GIN",970,2019,"GIN","Guinea","Sub-Saharan Africa","Lower middle income",1,"Africa",2021-03-31,"2023-09-24",NA,2021-03-05,2021-03-05,26,87,933,NA,"who",87,"march/2021 +","60-89","Dec/2021 +","360+","yes","no","no","yes","yes","no","Guinea","2022-02-01","2022-02-01","2023-01-01","2022-02-01","2022-02-01",NA,"no","no","no","no","no","no","yes","yes","yes","yes","yes","no",1,NA,0.043426989,NA,0.445753551,0.085273426,0.032390515,0,0.234792424,NA,0.034681601,NA
"70","Gambia, The","GMB",720,2019,"GMB","Gambia, The","Sub-Saharan Africa","Low income",1,"Africa",2021-03-28,NA,NA,2021-03-10,2021-03-10,18,92,NA,NA,"who",92,"march/2021 +","90+","not reached","not reached","yes","no","no","yes","no","no","Gambia","2021-10-01","2021-10-01","2021-10-01","2021-10-01",NA,NA,"yes","yes","yes","yes","no","no","yes","yes","yes","yes","no","no",1,1,0.169181548,0.088647281,0.223111325,0.101075065,0.022237643,0,0.173411431,0,0.022954787,0
"71","Guinea-Bissau","GNB",850,2019,"GNB","Guinea-Bissau","Sub-Saharan Africa","Low income",1,"Africa",2021-05-12,NA,NA,2021-04-02,2021-04-02,40,115,NA,NA,"who",115,"march/2021 +","90+","not reached","not reached","yes","no","no","yes","no","no","Guinea-Bissau","2022-01-01","2022-01-01","2022-01-01","2022-01-01","2022-07-01","2023-01-01","no","no","yes","no","no","no","yes","yes","yes","yes","yes","yes",0.664603356,NA,1,NA,0.278270692,0.011760538,0.038800285,0,0.190259,NA,0.407426181,NA
"72","Equatorial Guinea","GNQ",5130,2019,"GNQ","Equatorial Guinea","Sub-Saharan Africa","Upper middle income",2,"Africa",2021-03-16,NA,NA,2021-02-12,2021-02-12,32,66,NA,NA,"who",66,"feb/2021","60-89","not reached","not reached","yes","no","no","yes","no","no","Equatorial Guinea","2021-02-01","2021-02-01","2021-02-01",NA,NA,NA,"yes","yes","yes",NA,NA,NA,"yes","yes","yes",NA,NA,NA,0.704717711,0.704717711,NA,NA,0.152554732,0.144945955,0.003276585,0,NA,NA,NA,NA
"73","Greece","GRC",19690,2019,"GRC","Greece","Europe & Central Asia","High income",3,"Europe",2020-12-29,"2021-07-09","2022-01-24",2020-12-23,2020-12-23,6,15,198,397,"who",15,"before jan/2021","<30","Jun-Aug/2021","180-269","yes","yes","yes","yes","yes","yes","Greece","2021-02-01","2021-02-01","2021-05-01","2021-02-01","2021-05-01","2021-06-01","yes","yes","yes","yes","yes","yes","yes","yes","yes","yes","yes","yes",0.944408796,0.944408796,0.805061474,0.805061474,0.722631621,0.602789779,0.566467899,0,NA,NA,NA,NA
"74","Grenada","GRD",9400,2019,"GRD","Grenada","Latin America & Caribbean","Upper middle income",3,"North America",2021-02-16,NA,NA,2021-02-15,2021-02-15,1,69,NA,NA,"who",69,"feb/2021","60-89","not reached","not reached","yes","no","no","yes","no","no","Grenada","2021-05-01",NA,NA,NA,NA,NA,"yes","no","no",NA,NA,NA,"yes","no","no",NA,NA,NA,0.159857904,0.159857904,NA,NA,0.346897968,0.318254935,0.06586209,0.021453392,NA,NA,NA,NA
"75","Greenland","GRL",34800,2007,"GRL","Greenland","Europe & Central Asia","High income",4,"North America",2021-01-27,"2021-07-28",NA,NA,2021-01-27,NA,50,182,NA,"owid",50,"jan/2021","30-59","Jun-Aug/2021","180-269","yes","yes","no","yes","yes","no",NA,NA,NA,NA,NA,NA,NA,NA,NA,NA,NA,NA,NA,NA,NA,NA,NA,NA,NA,NA,NA,NA,NA,NA,NA,NA,NA,NA,NA,NA,NA
"76","Guatemala","GTM",4490,2019,"GTM","Guatemala","Latin America & Caribbean","Upper middle income",2,"North America",2021-02-27,NA,NA,2021-02-25,2021-02-25,2,79,NA,NA,"who",79,"feb/2021","60-89","not reached","not reached","yes","no","no","yes","no","no","Guatemala","2021-04-01","2021-05-01","2021-06-01","2021-05-01","2021-09-01",NA,"yes","yes","yes","yes","yes","no","yes","yes","yes","yes","yes","no",1,1,0.583052256,0.521171251,0.398027849,0.261523665,0.207855258,0.004923539,1,NA,0.345479898,NA
"77","Guyana","GUY",6380,2019,"GUY","Guyana","Latin America & Caribbean","High income",2,"South America",2021-02-15,"2022-02-19",NA,2021-02-11,2021-02-11,4,65,373,NA,"who",65,"feb/2021","60-89","Dec/2021 +","360+","yes","no","no","yes","yes","no","Guyana",NA,NA,NA,"2022-03-01","2022-03-01","2022-08-01",NA,NA,NA,"no","no","no",NA,NA,NA,"yes","yes","yes",NA,NA,1,NA,0.488851341,0.400180789,0.101994528,0.009242873,NA,NA,0.259622845,NA
"78","Hong Kong SAR, China","HKG",50480,2019,"HKG","Hong Kong SAR, China","East Asia & Pacific","High income",4,"Asia",2021-02-23,"2021-08-19","2022-03-04",NA,2021-02-23,NA,77,177,374,"owid",77,"feb/2021","60-89","Jun-Aug/2021","<180","yes","yes","yes","yes","yes","yes","Hong Kong",NA,NA,NA,"2021-07-01","2021-09-01","2022-03-01",NA,NA,NA,"yes","yes","yes",NA,NA,NA,"yes","yes","yes",NA,NA,0.870465057,0.501818923,NA,NA,NA,NA,NA,NA,0.831690242,0.080054245
"79","Honduras","HND",2330,2019,"HND","Honduras","Latin America & Caribbean","Lower middle income",2,"North America",2021-02-28,"2021-12-29",NA,2021-02-22,2021-02-22,6,76,310,NA,"who",76,"feb/2021","60-89","Dec/2021 +","270-359","yes","yes","no","yes","yes","no","Honduras","2021-03-01","2021-06-01","2021-06-01","2021-07-01","2021-10-01",NA,"yes","yes","yes","yes","yes","no","yes","yes","yes","yes","yes","no",0.295784407,1,0.237189921,0.570938162,0.59100669,0.433798635,0.484980777,0.03811075,0.283522439,0.4207179,0.161640616,NA
"80","Croatia","HRV",15800,2019,"HRV","Croatia","Europe & Central Asia","High income",3,"Europe",2020-12-30,"2021-09-01",NA,2020-12-23,2020-12-23,7,15,252,NA,"who",15,"before jan/2021","<30","Sep-Nov/2021","180-269","yes","yes","no","yes","yes","no","Croatia","2021-01-01","2021-01-01","2022-02-01","2021-01-01","2021-01-01","2021-01-01","yes","yes","yes","yes","yes","yes","yes","yes","yes","yes","yes","yes",0.705119917,0.635891368,0.763431216,0.707429592,0.553605386,0.48023644,0.245455274,0,0.297457844,0.232681218,0.523961015,0.299753124
"81","Haiti","HTI",1410,2019,"HTI","Haiti","Latin America & Caribbean","Lower middle income",1,"North America",2021-07-21,NA,NA,NA,2021-07-21,NA,225,NA,NA,"owid",225,"march/2021 +","90+","not reached","not reached","yes","no","no","yes","no","no",NA,NA,NA,NA,NA,NA,NA,NA,NA,NA,NA,NA,NA,NA,NA,NA,NA,NA,NA,NA,NA,NA,NA,0.032127876,0.006452955,0,0,NA,NA,NA,NA
"82","Hungary","HUN",16570,2019,"HUN","Hungary","Europe & Central Asia","High income",3,"Europe",2020-12-28,"2021-06-05",NA,2020-12-23,2020-12-23,5,15,164,NA,"who",15,"before jan/2021","<30","Jun-Aug/2021","<180","yes","yes","no","yes","yes","no","Hungary","2021-01-01","2021-01-01","2021-05-01","2021-01-01","2021-01-01","2021-01-01","yes","yes","yes","yes","yes","yes","yes","yes","yes","yes","yes","yes",0.958123938,0.930070924,0.818431787,0.797766157,0.629715505,0.584907731,0.396786907,0,0.252632759,0.214872805,0.677026113,0.621502722
"83","Indonesia","IDN",4020,2019,"IDN","Indonesia","East Asia & Pacific","Upper middle income",2,"Asia",2021-01-22,"2021-12-25",NA,2021-01-13,2021-01-13,9,36,346,NA,"who",36,"jan/2021","30-59","Dec/2021 +","270-359","yes","yes","no","yes","yes","no","Indonesia","2021-04-01","2021-04-01","2021-04-01","2021-04-01","2022-02-01",NA,"yes","yes","yes","yes","no","no","yes","yes","yes","yes","yes","no",1,1,0.52630825,0.322207152,0.639671046,0.414270759,0.253565858,0,1,0.731975265,0.252673215,0.000446398
"84","Isle of Man","IMN",84470,2019,"IMN","Isle of Man","Europe & Central Asia","High income",4,"Europe",2021-01-21,"2021-06-22","2021-08-02",NA,2021-01-21,NA,44,152,193,"owid",44,"jan/2021","30-59","Jun-Aug/2021","<180","yes","yes","yes","yes","yes","yes",NA,NA,NA,NA,NA,NA,NA,NA,NA,NA,NA,NA,NA,NA,NA,NA,NA,NA,NA,NA,NA,NA,NA,NA,NA,NA,NA,NA,NA,NA,NA
"85","India","IND",2070,2019,"IND","India","South Asia","Lower middle income",1,"Asia",2021-01-16,"2021-12-24",NA,2021-01-16,2021-01-16,0,39,342,NA,"equal",39,"jan/2021","30-59","Dec/2021 +","270-359","yes","yes","no","yes","yes","no","India","2021-04-01","2021-04-01","2021-04-01","2021-04-01","2022-02-01","2022-02-01","yes","yes","yes","yes","no","yes","yes","yes","yes","yes","yes","yes",1,1,0.854506644,0.313073708,0.68994621,0.43642956,0.165808484,0,1,NA,0.340970192,NA
"86","Ireland","IRL",63590,2019,"IRL","Ireland","Europe & Central Asia","High income",4,"Europe",2020-12-28,"2021-07-04","2021-09-06",2020-12-30,2020-12-28,-2,20,188,252,"owid",20,"before jan/2021","<30","Jun-Aug/2021","180-269","yes","yes","yes","yes","yes","yes","Ireland","2021-01-01","2021-01-01","2021-01-01","2021-01-01","2021-01-01","2021-01-01","yes","yes","yes","yes","yes","yes","yes","yes","yes","yes","yes","yes",1,1,1,1,0.818585581,0.725112342,0.763016171,0,0.993261764,0.807741685,1,0.736115091
"87","Iran, Islamic Rep.","IRN",4530,2019,"IRN","Iran, Islamic Rep.","Middle East & North Africa","Lower middle income",2,"Asia",2021-02-17,"2021-11-02",NA,2021-02-09,2021-02-09,8,63,266,NA,"who",63,"feb/2021","60-89","Sep-Nov/2021","180-269","yes","yes","no","yes","yes","no","Iran","2021-05-01","2021-05-01","2021-05-01","2021-05-01","2021-08-01","2021-08-01","yes","yes","yes","yes","yes","yes","yes","yes","yes","yes","yes","yes",1,1,0.85799296,0.841831507,0.697502168,0.615044757,0.373272857,0.0809347,1,0.873885325,0.717247756,0.252879608
"88","Iraq","IRQ",5520,2019,"IRQ","Iraq","Middle East & North Africa","Upper middle income",2,"Asia",2021-03-29,NA,NA,2021-03-02,2021-03-02,27,84,NA,NA,"who",84,"march/2021 +","60-89","not reached","not reached","yes","no","no","yes","no","no","Iraq","2022-03-01","2022-03-01",NA,"2022-11-01",NA,NA,"no","no","no","no","no","no","yes","yes","no","yes","no","no",0.534932321,NA,0.24324607,NA,0.197520701,0.141785266,0.006843932,0.000533948,0.025547375,NA,0.017231328,NA
"89","Iceland","ISL",75160,2019,"ISL","Iceland","Europe & Central Asia","High income",4,"Europe",2020-12-30,"2021-06-17","2021-08-25",2020-12-30,2020-12-30,0,22,169,238,"equal",22,"before jan/2021","<30","Jun-Aug/2021","<180","yes","yes","yes","yes","yes","yes","Iceland","2021-01-01","2021-01-01","2021-01-01","2021-01-01","2021-01-01","2021-01-01","yes","yes","yes","yes","yes","yes","yes","yes","yes","yes","yes","yes",1,1,0.997231743,0.979712629,0.818198795,0.624975186,0.789961937,0,1,0.972265761,1,0.796203533
"90","Israel","ISR",43800,2019,"ISR","Israel","Middle East & North Africa","High income",4,"Asia",2020-12-20,"2021-03-07",NA,2020-12-16,2020-12-16,4,8,81,NA,"who",8,"before jan/2021","<30","before Jun/2021","<180","yes","yes","no","yes","yes","no","Israel",NA,NA,NA,"2021-01-01","2021-01-01","2021-01-01",NA,NA,NA,"yes","yes","yes",NA,NA,NA,"yes","yes","yes",NA,NA,0.96688145,0.968298305,0.737762203,0.691084705,0.5169068,0,NA,NA,0.897855968,0.090382008
"91","Italy","ITA",34890,2019,"ITA","Italy","Europe & Central Asia","High income",4,"Europe",2020-12-27,"2021-07-12","2021-10-04",2020-12-23,2020-12-23,4,15,201,285,"who",15,"before jan/2021","<30","Jun-Aug/2021","180-269","yes","yes","yes","yes","yes","yes","Italy",NA,NA,NA,"2021-01-01","2021-01-01","2021-01-01",NA,NA,NA,"yes","yes","yes",NA,NA,NA,"yes","yes","yes",NA,NA,0.917759799,0.838399707,0.829700728,0.717589364,0.753121971,0,NA,NA,1,0.555530309
"92","Jamaica","JAM",5480,2019,"JAM","Jamaica","Latin America & Caribbean","Upper middle income",2,"North America",2021-03-14,NA,NA,2021-03-10,2021-03-10,4,92,NA,NA,"who",92,"march/2021 +","90+","not reached","not reached","yes","no","no","yes","no","no","Jamaica","2021-06-01","2021-10-01",NA,"2021-06-01",NA,NA,"yes","yes","no","yes","no","no","yes","yes","no","yes","no","no",0.650806883,0.51168408,0.367312128,0.313858256,0.256925732,0.191440402,0.015556367,0.001632464,0.090859117,5.23533e-05,0.060400428,4.20254e-05
"93","Jordan","JOR",4190,2019,"JOR","Jordan","Middle East & North Africa","Lower middle income",2,"Asia",2021-01-23,"2022-06-27",NA,2021-01-13,2021-01-13,10,36,530,NA,"who",36,"jan/2021","30-59","Dec/2021 +","360+","yes","no","no","yes","yes","no","Jordan","2022-11-01","2022-11-01","2022-11-01","2022-11-01","2022-11-01",NA,"no","no","no","no","no","no","yes","yes","yes","yes","yes","no",1,NA,0.676665141,NA,0.446756163,0.388783976,0.066862887,0.025642562,0.647485571,NA,NA,NA
"94","Japan","JPN",41970,2019,"JPN","Japan","East Asia & Pacific","High income",4,"Asia",2021-02-22,"2021-08-11","2021-10-16",2021-02-17,2021-02-17,5,71,175,241,"who",71,"feb/2021","60-89","Jun-Aug/2021","<180","yes","yes","yes","yes","yes","yes","Japan","2021-02-01","2021-02-01","2021-02-01","2021-02-01","2021-02-01","2021-02-01","yes","yes","yes","yes","yes","yes","yes","yes","yes","yes","yes","yes",1,0.966222917,1,0.910216011,0.817980042,0.782227319,0.685240924,0,NA,NA,1,1
"95","Kazakhstan","KAZ",8500,2019,"KAZ","Kazakhstan","Europe & Central Asia","Upper middle income",3,"Asia",2021-02-11,"2021-11-12",NA,2021-04-07,2021-02-11,-55,65,274,NA,"owid",65,"feb/2021","60-89","Sep-Nov/2021","270-359","yes","yes","no","yes","yes","no","Kazakhstan","2021-02-01",NA,NA,NA,NA,NA,"yes","no","no",NA,NA,NA,"yes","no","no",NA,NA,NA,0.001847612,0.001847612,NA,NA,0.696116417,0.468427881,0.3622321,0,0,0,NA,NA
"96","Kenya","KEN",1880,2019,"KEN","Kenya","Sub-Saharan Africa","Lower middle income",1,"Africa",2021-03-10,NA,NA,2021-03-05,2021-03-05,5,87,NA,NA,"who",87,"march/2021 +","60-89","not reached","not reached","yes","no","no","yes","no","no","Kenya","2021-10-01","2021-11-01",NA,"2021-10-01",NA,NA,"yes","yes","no","yes","no","no","yes","yes","no","yes","no","no",0.532891533,0.471838411,0.249849575,0.147452766,0.206252049,0.076888501,0.037206394,0,0,0,0,0
"97","Kyrgyz Republic","KGZ",1240,2019,"KGZ","Kyrgyz Republic","Europe & Central Asia","Lower middle income",1,"Asia",2021-04-06,NA,NA,2021-03-31,2021-03-31,6,113,NA,NA,"who",113,"march/2021 +","90+","not reached","not reached","yes","no","no","yes","no","no","Kyrgyzstan","2021-03-01","2021-06-01",NA,"2021-03-01",NA,NA,"yes","yes","no","yes","no","no","yes","yes","no","yes","no","no",0.592076136,0.499000562,0.386163729,0.287676943,0.205059907,0.151763929,0.046108092,0,0.154576757,0.082447957,0.095649623,0.023919114
"98","Cambodia","KHM",2100,2019,"KHM","Cambodia","East Asia & Pacific","Lower middle income",1,"Asia",2021-02-12,"2021-08-12","2021-10-12",2021-02-10,2021-02-10,2,64,183,244,"who",64,"feb/2021","60-89","Jun-Aug/2021","180-269","yes","yes","yes","yes","yes","yes","Cambodia","2021-02-01","2021-02-01","2021-02-01","2021-02-01","2021-02-01","2021-02-01","yes","yes","yes","yes","yes","yes","yes","yes","yes","yes","yes","yes",0.970352329,0.955222451,1,1,0.878838732,0.817007393,0.644938846,0.214617532,0.755304053,0.755304053,0.76982298,0.76982298
"99","Kiribati","KIR",3610,2019,"KIR","Kiribati","East Asia & Pacific","Lower middle income",2,"Oceania",2021-08-09,"2022-03-21",NA,2021-05-26,2021-05-26,75,169,299,NA,"who",169,"march/2021 +","90+","Dec/2021 +","270-359","yes","no","no","yes","yes","no","Kiribati","2021-08-01","2022-01-01","2022-09-01","2021-08-01","2021-12-01","2022-01-01","yes","no","no","yes","yes","yes","yes","yes","yes","yes","yes","yes",0.733216559,0.392559998,1,0.587751264,0.682081893,0.33524433,0.314828923,0,0.319192751,NA,0.718937346,NA
"100","St. Kitts and Nevis","KNA",23660,2019,"KNA","St. Kitts and Nevis","Latin America & Caribbean","High income",4,"North America",2021-03-16,"2021-07-13",NA,2021-02-22,2021-02-22,22,76,141,NA,"who",76,"feb/2021","60-89","Jun-Aug/2021","<180","yes","yes","no","yes","yes","no",NA,NA,NA,NA,NA,NA,NA,NA,NA,NA,NA,NA,NA,NA,NA,NA,NA,NA,NA,NA,NA,NA,NA,0.507595127,0.481632576,0.065141375,0.030718905,NA,NA,NA,NA
"101","Korea, Rep.","KOR",33830,2019,"KOR","Korea, Rep.","East Asia & Pacific","High income",4,"Asia",2021-02-26,"2021-09-15","2021-10-25",2021-02-26,2021-02-26,0,80,201,241,"equal",80,"feb/2021","60-89","Sep-Nov/2021","180-269","yes","yes","yes","yes","yes","yes","Republic of Korea","2021-02-01","2021-02-01","2021-02-01","2021-02-01","2021-02-01","2021-02-01","yes","yes","yes","yes","yes","yes","yes","yes","yes","yes","yes","yes",0.956113049,0.956113049,1,1,0.871658073,0.827346903,0.656224962,0.333370598,NA,NA,0.999797813,0.999797813
"102","Kuwait","KWT",35680,2019,"KWT","Kuwait","Middle East & North Africa","High income",4,"Asia",2020-12-28,"2021-11-30","2021-11-30",2020-12-28,2020-12-28,0,20,337,337,"equal",20,"before jan/2021","<30","Sep-Nov/2021","270-359","yes","yes","yes","yes","yes","yes",NA,NA,NA,NA,NA,NA,NA,NA,NA,NA,NA,NA,NA,NA,NA,NA,NA,NA,NA,NA,NA,NA,NA,0.783542997,0.753868009,0.341300262,0.102054302,NA,NA,NA,NA
"103","Lao PDR","LAO",2520,2019,"LAO","Lao PDR","East Asia & Pacific","Lower middle income",2,"Asia",2021-03-17,"2021-11-23",NA,2020-11-25,2020-11-25,112,-13,363,NA,"who",0,"before jan/2021","<30","Sep-Nov/2021","360+","yes","yes","no","yes","yes","no","Laos","2021-02-01","2021-02-01","2021-02-01","2021-02-01","2021-02-01","2021-02-01","yes","yes","yes","yes","yes","yes","yes","yes","yes","yes","yes","yes",1,1,0.778852785,0.623005467,0.782340054,0.494618279,0.336885958,0,0.965876395,0,0.299839463,0
"104","Lebanon","LBN",8630,2019,"LBN","Lebanon","Middle East & North Africa","Lower middle income",3,"Asia",2021-02-15,"2022-03-24",NA,2021-02-14,2021-02-14,1,68,403,NA,"who",68,"feb/2021","60-89","Dec/2021 +","360+","yes","no","no","yes","yes","no","Lebanon","2022-11-01","2022-11-01","2022-11-01","2022-11-01","2022-11-01",NA,"no","no","no","no","no","no","yes","yes","yes","yes","yes","no",1,NA,0.59202873,NA,0.353709245,0.282430865,0.096733473,0.040655762,0.640475357,NA,0.338122291,NA
"105","Liberia","LBR",600,2019,"LBR","Liberia","Sub-Saharan Africa","Low income",1,"Africa",2021-05-12,"2022-06-26","2022-12-11",2021-04-01,2021-04-01,41,114,451,619,"who",114,"march/2021 +","90+","Dec/2021 +","360+","yes","no","no","yes","yes","yes","Liberia","2022-05-01","2022-10-01",NA,"2022-10-01",NA,NA,"no","no","no","no","no","no","yes","yes","no","yes","no","no",0.424793756,NA,0.209258431,NA,0.737683337,0.194638808,0.000392868,0,NA,NA,NA,NA
"106","Libya","LBY",10100,2019,"LBY","Libya","Middle East & North Africa","Upper middle income",3,"Africa",2021-04-17,NA,NA,2021-04-11,2021-04-11,6,124,NA,NA,"who",124,"march/2021 +","90+","not reached","not reached","yes","no","no","yes","no","no",NA,NA,NA,NA,NA,NA,NA,NA,NA,NA,NA,NA,NA,NA,NA,NA,NA,NA,NA,NA,NA,NA,NA,0.179893679,0.122326277,0.027175239,0,NA,NA,NA,NA
"107","St. Lucia","LCA",11100,2019,"LCA","St. Lucia","Latin America & Caribbean","Upper middle income",3,"North America",2021-03-04,NA,NA,2021-02-17,2021-02-17,15,71,NA,NA,"who",71,"feb/2021","60-89","not reached","not reached","yes","no","no","yes","no","no",NA,NA,NA,NA,NA,NA,NA,NA,NA,NA,NA,NA,NA,NA,NA,NA,NA,NA,NA,NA,NA,NA,NA,0.299362294,0.266540324,0.042836838,0.016675108,NA,NA,NA,NA
"108","Liechtenstein","LIE",116380,2009,"LIE","Liechtenstein","Europe & Central Asia","High income",4,"Europe",2021-01-04,NA,NA,NA,2021-01-04,NA,27,NA,NA,"owid",27,"jan/2021","<30","not reached","not reached","yes","no","no","yes","no","no",NA,NA,NA,NA,NA,NA,NA,NA,NA,NA,NA,NA,NA,NA,NA,NA,NA,NA,NA,NA,NA,NA,NA,NA,NA,NA,NA,NA,NA,NA,NA
"109","Sri Lanka","LKA",4220,2019,"LKA","Sri Lanka","South Asia","Lower middle income",2,"Asia",2021-01-29,"2021-09-03",NA,2021-01-29,2021-01-29,0,52,217,NA,"equal",52,"jan/2021","30-59","Sep-Nov/2021","180-269","yes","yes","no","yes","yes","no","Sri Lanka","2021-08-01","2021-08-01","2021-08-01","2021-08-01","2022-06-01","2022-06-01","yes","yes","yes","yes","no","yes","yes","yes","yes","yes","yes","yes",1,1,0.745096458,0.019861613,0.688957897,0.646457981,0.383874582,0,0.854109833,NA,0.479763367,NA
"110","Lesotho","LSO",1310,2019,"LSO","Lesotho","Sub-Saharan Africa","Lower middle income",1,"Africa",2021-04-17,"2022-11-20",NA,2021-03-10,2021-03-10,38,92,620,NA,"who",92,"march/2021 +","90+","Dec/2021 +","360+","yes","no","no","yes","yes","no","Lesotho","2021-10-01","2021-10-01","2021-10-01","2022-01-01","2022-01-01","2022-01-01","yes","yes","yes","no","no","yes","yes","yes","yes","yes","yes","yes",0.242891656,1,0.503931228,NA,0.437898676,0.339609448,0.083004357,0,0.126494456,0,0.133550829,NA
"111","Lithuania","LTU",19130,2019,"LTU","Lithuania","Europe & Central Asia","High income",3,"Europe",2020-12-27,"2021-07-06",NA,2020-12-23,2020-12-23,4,15,195,NA,"who",15,"before jan/2021","<30","Jun-Aug/2021","180-269","yes","yes","no","yes","yes","no","Lithuania",NA,NA,NA,"2021-01-01","2021-01-01","2021-01-01",NA,NA,NA,"yes","yes","yes",NA,NA,NA,"yes","yes","yes",NA,NA,0.782324332,0.710552688,0.682533848,0.559791356,0.32286111,0,NA,NA,0.518405852,0.366591439
"112","Luxembourg","LUX",79180,2019,"LUX","Luxembourg","Europe & Central Asia","High income",4,"Europe",2020-12-28,"2023-06-11","2023-06-11",2020-12-30,2020-12-28,-2,20,895,895,"owid",20,"before jan/2021","<30","Dec/2021 +","360+","yes","no","no","yes","yes","yes","Luxembourg","2021-01-01","2021-01-01","2021-10-01","2021-01-01","2021-01-01","2021-01-01","yes","yes","yes","yes","yes","yes","yes","yes","yes","yes","yes","yes",0.802362673,0.720826811,0.905800637,0.837363812,0.739033841,0.625786377,0.58859973,0,0.357748241,0.25326036,0.957821296,0.530280856
"113","Latvia","LVA",17580,2019,"LVA","Latvia","Europe & Central Asia","High income",3,"Europe",2020-12-28,"2021-08-24","2022-02-16",2020-12-30,2020-12-28,-2,20,239,415,"owid",20,"before jan/2021","<30","Jun-Aug/2021","180-269","yes","yes","yes","yes","yes","yes","Latvia","2021-01-01","2021-01-01","2021-01-01","2021-01-01","2021-01-01","2021-01-01","yes","yes","yes","yes","yes","yes","yes","yes","yes","yes","yes","yes",1,0.596889412,0.780192175,0.59272826,0.683967133,0.496989941,0.28878137,0,0.554611157,0.035553357,0.435637185,0.259395564
"114","Macao SAR, China","MAC",71920,2019,"MAC","Macao SAR, China","East Asia & Pacific","High income",4,"Asia",2021-02-09,"2021-09-06","2022-02-21",NA,2021-02-09,NA,63,209,377,"owid",63,"feb/2021","60-89","Sep-Nov/2021","180-269","yes","yes","yes","yes","yes","yes",NA,NA,NA,NA,NA,NA,NA,NA,NA,NA,NA,NA,NA,NA,NA,NA,NA,NA,NA,NA,NA,NA,NA,NA,NA,NA,NA,NA,NA,NA,NA
"115","Morocco","MAR",3510,2019,"MAR","Morocco","Middle East & North Africa","Lower middle income",2,"Africa",2021-01-30,"2021-08-31",NA,2021-01-28,2021-01-28,2,51,215,NA,"who",51,"jan/2021","30-59","Jun-Aug/2021","180-269","yes","yes","no","yes","yes","no",NA,NA,NA,NA,NA,NA,NA,NA,NA,NA,NA,NA,NA,NA,NA,NA,NA,NA,NA,NA,NA,NA,NA,0.637269903,0.623560486,0.187642046,0.078324422,NA,NA,NA,NA
"116","Moldova","MDA",4490,2019,"MDA","Moldova","Europe & Central Asia","Upper middle income",2,"Europe",2021-03-05,NA,NA,2021-03-03,2021-03-03,2,85,NA,NA,"who",85,"march/2021 +","60-89","not reached","not reached","yes","no","no","yes","no","no","Republic of Moldova","2021-03-01","2021-05-01","2021-07-01","2021-03-01","2022-11-01",NA,"yes","yes","yes","yes","no","no","yes","yes","yes","yes","yes","no",0.808364162,0.750847954,0.00964438,0.329907797,0.267469236,0.168335668,0.100650898,0,0.520726449,0.210621111,0,0
"117","Madagascar","MDG",490,2019,"MDG","Madagascar","Sub-Saharan Africa","Low income",1,"Africa",2021-05-18,NA,NA,2021-05-10,2021-05-10,8,153,NA,NA,"who",153,"march/2021 +","90+","not reached","not reached","yes","no","no","yes","no","no","Madagascar","2021-08-01","2022-01-01",NA,"2022-04-01",NA,NA,"yes","no","no","no","no","no","yes","yes","no","yes","no","no",0.562495322,0.362759773,0.058609765,NA,0.09493508,0.026342627,0.006109815,0,0.088865604,0,0.010667775,NA
"118","Maldives","MDV",10750,2019,"MDV","Maldives","South Asia","Upper middle income",3,"Asia",2021-02-02,"2021-07-07","2021-12-22",2021-02-01,2021-02-01,1,55,156,324,"who",55,"feb/2021","30-59","Jun-Aug/2021","<180","yes","yes","yes","yes","yes","yes","Maldives",NA,NA,NA,"2022-06-01","2022-06-01","2022-06-01",NA,NA,NA,"no","no","yes",NA,NA,NA,"yes","yes","yes",NA,NA,0.880100193,NA,0.71255439,0.679894082,0.309482669,0,NA,NA,0.613139788,NA
"119","Mexico","MEX",9860,2019,"MEX","Mexico","Latin America & Caribbean","Upper middle income",3,"North America",2020-12-27,"2021-10-18",NA,2020-12-24,2020-12-24,3,16,298,NA,"who",16,"before jan/2021","<30","Sep-Nov/2021","270-359","yes","yes","no","yes","yes","no","Mexico",NA,NA,NA,"2022-01-01","2022-01-01","2022-01-01",NA,NA,NA,"no","no","yes",NA,NA,NA,"yes","yes","yes",NA,NA,0.76693368,NA,0.630920981,0.563950349,0.442199912,0,NA,NA,NA,NA
"120","North Macedonia","MKD",6520,2019,"MKD","North Macedonia","Europe & Central Asia","Upper middle income",2,"Europe",2021-03-16,"2022-06-19",NA,2021-02-17,2021-02-17,27,71,487,NA,"who",71,"feb/2021","60-89","Dec/2021 +","360+","yes","no","no","yes","yes","no","North Macedonia","2021-02-01",NA,NA,"2021-02-01","2021-02-01","2021-02-01","yes","no","no","yes","yes","yes","yes","no","no","yes","yes","yes",0.308510392,0.303764005,0.660208912,0.653263393,0.402317868,0.393032842,0.077582102,0,0,0,0.242963452,0.191805107
"121","Mali","MLI",800,2019,"MLI","Mali","Sub-Saharan Africa","Low income",1,"Africa",2021-04-12,NA,NA,2021-03-31,2021-03-31,12,113,NA,NA,"who",113,"march/2021 +","90+","not reached","not reached","yes","no","no","yes","no","no","Mali","2021-10-01","2021-10-01","2021-11-01","2021-10-01",NA,NA,"yes","yes","yes","yes","no","no","yes","yes","yes","yes","no","no",1,1,0.378312691,0.06278335,0.179429113,0.019944266,0,0,NA,NA,NA,NA
"122","Malta","MLT",29820,2019,"MLT","Malta","Middle East & North Africa","High income",4,"Europe",2021-01-17,"2021-06-01","2021-07-27",2020-12-23,2020-12-23,25,15,160,216,"who",15,"before jan/2021","<30","Jun-Aug/2021","<180","yes","yes","yes","yes","yes","yes","Malta","2021-01-01","2021-01-01","2021-05-01","2021-01-01","2021-01-01","2021-01-01","yes","yes","yes","yes","yes","yes","yes","yes","yes","yes","yes","yes",0.933476016,0.892204372,0.990344348,0.980775613,0.864623254,0.76093103,0.689712067,0,0.03737898,0.03737898,0.905798132,0.752453421
"123","Myanmar","MMR",1380,2019,"MMR","Myanmar","East Asia & Pacific","Lower middle income",1,"Asia",2021-01-27,"2022-03-22",NA,2021-01-27,2021-01-27,0,50,419,NA,"equal",50,"jan/2021","30-59","Dec/2021 +","360+","yes","no","no","yes","yes","no",NA,NA,NA,NA,NA,NA,NA,NA,NA,NA,NA,NA,NA,NA,NA,NA,NA,NA,NA,NA,NA,NA,NA,0.660502262,0.283370918,0.293832747,0,NA,NA,NA,NA
"124","Montenegro","MNE",9140,2019,"MNE","Montenegro","Europe & Central Asia","Upper middle income",3,"Europe",2021-02-25,"2021-11-20",NA,2021-02-24,2021-02-24,1,78,269,NA,"who",78,"feb/2021","60-89","Sep-Nov/2021","180-269","yes","yes","no","yes","yes","no","Montenegro","2021-02-01","2021-02-01",NA,"2021-02-01","2021-02-01","2021-02-01","yes","yes","no","yes","yes","yes","yes","yes","no","yes","yes","yes",0.496031746,0.491111045,0.653648415,0.644399909,0.404999825,0.39317274,0,0,0,0,0,0
"125","Mongolia","MNG",3800,2019,"MNG","Mongolia","East Asia & Pacific","Lower middle income",2,"Asia",2021-02-25,"2021-06-02",NA,2021-02-23,2021-02-23,2,77,99,NA,"who",77,"feb/2021","60-89","Jun-Aug/2021","<180","yes","yes","no","yes","yes","no","Mongolia","2021-02-01","2021-02-01","2021-02-01","2021-02-01","2021-02-01","2021-02-01","yes","yes","yes","yes","yes","yes","yes","yes","yes","yes","yes","yes",1,1,0.982772245,0.974283407,0.666592034,0.660116707,0.322985154,0.279168103,0.558766087,0.558766087,0.633436086,0.633436086
"126","Mozambique","MOZ",500,2019,"MOZ","Mozambique","Sub-Saharan Africa","Low income",1,"Africa",2021-03-13,"2022-10-16",NA,2021-03-08,2021-03-08,5,90,587,NA,"who",90,"march/2021 +","90+","Dec/2021 +","360+","yes","no","no","yes","yes","no","Mozambique","2021-03-01","2021-03-01",NA,"2021-10-01","2022-06-01","2022-06-01","yes","yes","no","yes","no","yes","yes","yes","no","yes","yes","yes",0.488183823,0.594278388,0.472301719,0.008413918,0.682433151,0.205155594,0.074341055,0,0.529943878,0,0.032187398,0
"127","Mauritania","MRT",1720,2019,"MRT","Mauritania","Sub-Saharan Africa","Lower middle income",1,"Africa",2021-04-01,NA,NA,2021-03-26,2021-03-26,6,108,NA,NA,"who",108,"march/2021 +","90+","not reached","not reached","yes","no","no","yes","no","no",NA,NA,NA,NA,NA,NA,NA,NA,NA,NA,NA,NA,NA,NA,NA,NA,NA,NA,NA,NA,NA,NA,NA,0.331335552,0.186209302,0.08257317,0,NA,NA,NA,NA
"128","Mauritius","MUS",12440,2019,"MUS","Mauritius","Sub-Saharan Africa","Upper middle income",3,"Africa",2021-02-01,"2021-07-26","2021-12-28",2021-01-26,2021-01-26,6,49,181,336,"who",49,"jan/2021","30-59","Jun-Aug/2021","180-269","yes","yes","yes","yes","yes","yes",NA,NA,NA,NA,NA,NA,NA,NA,NA,NA,NA,NA,NA,NA,NA,NA,NA,NA,NA,NA,NA,NA,NA,0.855613602,0.715568677,0.514643394,0.152360994,NA,NA,NA,NA
"129","Malawi","MWI",540,2019,"MWI","Malawi","Sub-Saharan Africa","Low income",1,"Africa",2021-03-17,NA,NA,2021-03-11,2021-03-11,6,93,NA,NA,"who",93,"march/2021 +","90+","not reached","not reached","yes","no","no","yes","no","no","Malawi","2021-12-01","2021-12-01","2021-12-01","2021-12-01",NA,NA,"yes","yes","yes","yes","no","no","yes","yes","yes","yes","no","no",1,1,0.270045039,0.04490619,0.224151843,0.037451558,0.06444496,0,0.820488499,NA,0.055747106,NA
"130","Malaysia","MYS",10750,2019,"MYS","Malaysia","East Asia & Pacific","Upper middle income",3,"Asia",2021-02-26,"2021-08-24","2021-10-21",2021-02-24,2021-02-24,2,78,181,239,"who",78,"feb/2021","60-89","Jun-Aug/2021","180-269","yes","yes","yes","yes","yes","yes","Malaysia","2021-02-01","2021-02-01","2021-02-01","2021-02-01","2021-02-01","2021-02-01","yes","yes","yes","yes","yes","yes","yes","yes","yes","yes","yes","yes",0.971656312,0.957143238,0.899811715,0.899507315,0.851220808,0.784733139,0.505087773,0,0.500951351,0.500951351,0.379401405,0.379401405
"131","Namibia","NAM",4870,2019,"NAM","Namibia","Sub-Saharan Africa","Upper middle income",2,"Africa",2021-03-25,NA,NA,2021-03-19,2021-03-19,6,101,NA,NA,"who",101,"march/2021 +","90+","not reached","not reached","yes","no","no","yes","no","no","Namibia","2021-10-01","2021-10-01","2022-09-01","2023-01-01",NA,NA,"yes","yes","no","no","no","no","yes","yes","yes","yes","no","no",0.795786313,0.605808055,0.314922843,NA,0.216843211,0.13489897,0.117501441,0.002107359,NA,NA,NA,NA
"132","New Caledonia","NCL",35550,2019,"NCL","New Caledonia","East Asia & Pacific","High income",4,"Oceania",2021-02-02,"2021-10-12",NA,2021-01-20,2021-01-20,13,43,265,NA,"who",43,"jan/2021","30-59","Sep-Nov/2021","180-269","yes","yes","no","yes","yes","no","New Caledonia",NA,NA,NA,"2021-01-01","2021-01-01",NA,NA,NA,NA,"yes","yes","no",NA,NA,NA,"yes","yes","no",NA,NA,0.639160156,0.391894531,0.647293501,0.61139267,0.361911467,0,NA,NA,NA,NA
"133","Niger","NER",610,2019,"NER","Niger","Sub-Saharan Africa","Low income",1,"Africa",2021-04-17,NA,NA,2021-03-29,2021-03-29,19,111,NA,NA,"who",111,"march/2021 +","90+","not reached","not reached","yes","no","no","yes","no","no","Niger","2021-03-01",NA,NA,"2021-04-01",NA,NA,"yes","no","no","yes","no","no","yes","no","no","yes","no","no",0.298950891,0.212670706,0.055873653,0.040976135,0.226508102,0.039797958,0,0,NA,NA,NA,NA
"134","Nigeria","NGA",2050,2019,"NGA","Nigeria","Sub-Saharan Africa","Lower middle income",1,"Africa",2021-03-24,NA,NA,2021-03-05,2021-03-05,19,87,NA,NA,"who",87,"march/2021 +","60-89","not reached","not reached","yes","no","no","yes","no","no","Nigeria","2021-10-01","2022-07-01",NA,"2021-10-01","2022-10-01","2023-01-01","yes","no","no","yes","no","no","yes","yes","no","yes","yes","yes",0.589289899,0.313156424,0.936552828,0.056529973,0.394382313,0.02174691,0.08162777,0.000217445,0.181791386,0.009322889,0.233918557,0.000751167
"135","Nicaragua","NIC",1930,2019,"NIC","Nicaragua","Latin America & Caribbean","Lower middle income",1,"North America",2021-04-14,"2021-12-29","2022-06-03",2021-03-03,2021-03-03,42,85,301,457,"who",85,"march/2021 +","60-89","Dec/2021 +","270-359","yes","yes","yes","yes","yes","yes","Nicaragua","2021-06-01","2021-12-01","2021-12-01","2021-06-01","2022-10-01","2022-10-01","yes","yes","yes","yes","no","no","yes","yes","yes","yes","yes","yes",0.875522724,0.74143065,0.748603501,0.249257146,0.924848375,0.438638586,0.436637848,0,0.260573124,NA,0.656234472,NA
"136","Netherlands","NLD",51920,2019,"NLD","Netherlands","Europe & Central Asia","High income",4,"Europe",2021-01-08,"2021-07-16",NA,2020-12-30,2020-12-30,9,22,198,NA,"who",22,"before jan/2021","<30","Jun-Aug/2021","180-269","yes","yes","no","yes","yes","no","Netherlands",NA,NA,NA,"2021-01-01","2021-01-01","2021-01-01",NA,NA,NA,"yes","yes","yes",NA,NA,NA,"yes","yes","yes",NA,NA,0.950507712,1,0.712668472,0.653393867,0.69779013,0,NA,NA,1,1
"137","Norway","NOR",82430,2019,"NOR","Norway","Europe & Central Asia","High income",4,"Europe",2020-12-28,"2021-08-12","2021-11-18",2020-12-23,2020-12-23,5,15,232,330,"who",15,"before jan/2021","<30","Jun-Aug/2021","180-269","yes","yes","yes","yes","yes","yes","Norway","2021-01-01","2021-01-01","2021-08-01","2021-01-01","2021-01-01","2021-01-01","yes","yes","yes","yes","yes","yes","yes","yes","yes","yes","yes","yes",0.464903545,0.460195073,0.965842626,0.957187321,0.756637442,0.729869327,0.690390455,0,0.381060142,0.198200609,1,0.597362851
"138","Nepal","NPL",1240,2019,"NPL","Nepal","South Asia","Lower middle income",1,"Asia",2021-02-01,"2022-01-24","2022-08-29",2021-01-27,2021-01-27,5,50,362,579,"who",50,"jan/2021","30-59","Dec/2021 +","360+","yes","no","no","yes","yes","yes","Nepal","2021-08-01","2021-08-01","2021-08-01","2021-08-01","2021-08-01","2021-08-01","yes","yes","yes","yes","yes","yes","yes","yes","yes","yes","yes","yes",1,1,1,0.973116504,0.839866982,0.359336977,0.352591471,0,NA,NA,NA,NA
"139","Nauru","NRU",15790,2019,"NRU","Nauru","East Asia & Pacific","High income",3,"Oceania",2021-04-09,"2021-07-20","2023-02-20",2021-04-09,2021-04-09,0,122,102,682,"equal",122,"march/2021 +","90+","Jun-Aug/2021","<180","yes","yes","no","yes","yes","yes","Nauru","2021-07-01","2021-07-01","2021-07-01","2021-06-01","2021-07-01","2021-07-01","yes","yes","yes","yes","yes","yes","yes","yes","yes","yes","yes","yes",1,1,1,0.75606469,1.04725863,0.679712018,0.711187004,0,NA,NA,0.675202156,NA
"140","New Zealand","NZL",43050,2019,"NZL","New Zealand","East Asia & Pacific","High income",4,"Oceania",2021-02-22,"2021-10-05","2021-12-01",2021-02-19,2021-02-19,3,73,228,285,"who",73,"feb/2021","60-89","Sep-Nov/2021","180-269","yes","yes","yes","yes","yes","yes","New Zealand","2021-02-01","2021-02-01","2021-02-01","2021-02-01","2021-02-01","2021-02-01","yes","yes","yes","yes","yes","yes","yes","yes","yes","yes","yes","yes",0.917898095,0.811418801,0.98886601,0.924546533,0.849456673,0.796741261,0.563905353,0,NA,NA,0.921806369,8.60527e-06
"141","Oman","OMN",17810,2019,"OMN","Oman","Middle East & North Africa","High income",3,"Asia",2020-12-28,"2021-09-28",NA,2020-12-29,2020-12-28,-1,20,274,NA,"owid",20,"before jan/2021","<30","Sep-Nov/2021","270-359","yes","yes","no","yes","yes","no","Oman","2021-12-01","2021-12-01","2021-12-01","2021-12-01","2021-12-01","2021-12-01","yes","yes","yes","yes","yes","yes","yes","yes","yes","yes","yes","yes",0.75982637,0.75982637,0.70360719,0.70360719,0.597033345,0.567851524,0.15271512,0.015879201,0.168326643,0.14097957,0.162404737,0.162404737
"142","Pakistan","PAK",1520,2019,"PAK","Pakistan","South Asia","Lower middle income",1,"Asia",2021-02-10,"2022-02-16",NA,2021-02-03,2021-02-03,7,57,378,NA,"who",57,"feb/2021","30-59","Dec/2021 +","360+","yes","no","no","yes","yes","no","Pakistan","2021-03-01","2021-06-01","2021-07-01","2021-03-01","2022-02-01","2022-03-01","yes","yes","yes","yes","no","yes","yes","yes","yes","yes","yes","yes",1,1,1,0.275539131,0.635947227,0.311522432,0.240625705,0,1,0.689951633,0.295248691,NA
"143","Panama","PAN",15640,2019,"PAN","Panama","Latin America & Caribbean","High income",3,"North America",2021-01-20,"2021-09-05","2022-05-13",2021-01-20,2021-01-20,0,43,228,478,"equal",43,"jan/2021","30-59","Sep-Nov/2021","180-269","yes","yes","yes","yes","yes","yes","Panama","2021-04-01","2021-04-01","2021-04-01","2021-07-01","2021-07-01","2021-08-01","yes","yes","yes","yes","yes","yes","yes","yes","yes","yes","yes","yes",0.888535962,0.873587128,1,0.900507227,0.736702584,0.651028433,0.410414514,0.072614813,0.547928371,0.489836923,0.736118535,0.268477411
"144","Peru","PER",6850,2019,"PER","Peru","Latin America & Caribbean","Upper middle income",3,"South America",2021-02-09,"2021-10-10","2022-02-15",2021-02-09,2021-02-09,0,63,243,371,"equal",63,"feb/2021","60-89","Sep-Nov/2021","180-269","yes","yes","yes","yes","yes","yes","Peru","2022-04-01","2022-04-01","2022-04-01","2022-04-01","2022-04-01","2022-04-01","no","no","yes","no","no","yes","yes","yes","yes","yes","yes","yes",1,NA,0.916738503,NA,0.870739086,0.65950753,0.674668219,0.119243977,0.37683335,NA,0.176663943,NA
"145","Philippines","PHL",3760,2019,"PHL","Philippines","East Asia & Pacific","Lower middle income",2,"Asia",2021-03-04,"2021-12-26",NA,2021-03-01,2021-03-01,3,83,300,NA,"who",83,"march/2021 +","60-89","Dec/2021 +","270-359","yes","yes","no","yes","yes","no","Philippines","2021-03-01","2021-03-01","2021-04-01","2021-10-01","2021-10-01","2022-12-01","yes","yes","yes","yes","yes","no","yes","yes","yes","yes","yes","yes",1,1,1,0.472823461,0.715853261,0.455520827,0.217293427,0.017636491,1,0.87469674,0.577501491,NA
"146","Palau","PLW",16220,2019,"PLW","Palau","East Asia & Pacific","Upper middle income",3,NA,NA,NA,NA,2021-01-03,2021-01-03,NA,26,NA,NA,"who",26,"jan/2021","<30","not reached","not reached","yes","no","no","yes","no","no","Palau","2021-01-01","2021-01-01","2021-01-01","2021-01-01","2021-01-01","2021-01-01","yes","yes","yes","yes","yes","yes","yes","yes","yes","yes","yes","yes",1,1,1,1,1.010280787,0.899491488,0.712193235,0,NA,NA,0.594308036,0.594308036
"147","Papua New Guinea","PNG",2420,2019,"PNG","Papua New Guinea","East Asia & Pacific","Lower middle income",2,"Oceania",2021-04-20,NA,NA,2021-03-30,2021-03-30,21,112,NA,NA,"who",112,"march/2021 +","90+","not reached","not reached","yes","no","no","yes","no","no","Papua New Guinea","2021-06-01","2021-10-01","2022-03-01","2021-06-01",NA,NA,"yes","yes","yes","yes","no","no","yes","yes","yes","yes","no","no",1,0.649594179,0.111073855,0.011241265,0.037778372,0.024988256,0.004194132,0,0.097677022,0,0.008483492,0
"148","Poland","POL",15510,2019,"POL","Poland","Europe & Central Asia","High income",3,"Europe",2020-12-28,"2021-07-17",NA,2020-12-23,2020-12-23,5,15,206,NA,"who",15,"before jan/2021","<30","Jun-Aug/2021","180-269","yes","yes","no","yes","yes","no","Poland","2021-01-01","2021-01-01",NA,"2021-01-01","2021-01-01","2021-01-01","yes","yes","no","yes","yes","yes","yes","yes","no","yes","yes","yes",0.558946643,0.511909784,0.743497267,0.70283584,0.598181818,0.485874616,0.340600532,0,0.442984216,0.360413909,0.583907877,0.407681371
"149","Portugal","PRT",23180,2019,"PRT","Portugal","Europe & Central Asia","High income",4,"Europe",2021-01-01,"2021-07-09","2021-08-27",2020-12-23,2020-12-23,9,15,198,247,"who",15,"before jan/2021","<30","Jun-Aug/2021","180-269","yes","yes","yes","yes","yes","yes","Portugal",NA,NA,NA,"2021-01-01","2021-01-01","2021-01-01",NA,NA,NA,"yes","yes","yes",NA,NA,NA,"yes","yes","yes",NA,NA,0.969542007,0.936389062,0.865425287,0.715405008,0.684937581,0,NA,NA,0.974752334,0.625743756
"150","Paraguay","PRY",5950,2019,"PRY","Paraguay","Latin America & Caribbean","Upper middle income",2,"South America",2021-02-23,"2021-12-10",NA,2021-02-22,2021-02-22,1,76,291,NA,"who",76,"feb/2021","60-89","Dec/2021 +","270-359","yes","yes","no","yes","yes","no","Paraguay","2021-03-01","2021-05-01",NA,"2021-04-01","2021-08-01","2021-12-01","yes","yes","no","yes","yes","yes","yes","yes","no","yes","yes","yes",0.668761887,0.665058527,0.856258873,0.719412075,0.497813401,0.413320896,0.232843625,0.058291452,0.192636576,0.205787756,0.547813801,0.25065946
"151","West Bank and Gaza","PSE",4200,2019,"PSE","West Bank and Gaza","Middle East & North Africa","Upper middle income",2,"Asia",2021-03-30,NA,NA,2021-02-02,2021-02-02,56,56,NA,NA,"who",56,"feb/2021","30-59","not reached","not reached","yes","no","no","yes","no","no","West Bank and Gaza",NA,NA,NA,"2022-02-01","2022-02-01",NA,NA,NA,NA,"no","no","no",NA,NA,NA,"yes","yes","no",NA,NA,0.537890112,NA,0.348329502,0.308408414,0.066053647,0.037976726,NA,NA,0.116605046,NA
"152","French Polynesia","PYF",19380,2000,"PYF","French Polynesia","East Asia & Pacific","High income",3,"Oceania",2021-02-02,"2021-09-14",NA,2021-01-18,2021-01-18,15,41,239,NA,"who",41,"jan/2021","30-59","Sep-Nov/2021","180-269","yes","yes","no","yes","yes","no","French Polynesia",NA,NA,NA,"2021-01-01","2021-01-01","2021-01-01",NA,NA,NA,"yes","yes","yes",NA,NA,NA,"yes","yes","yes",NA,NA,0.885380764,0.167777806,0.696626654,0.58345081,0.36423669,0,NA,NA,0.611587713,0.611587713
"153","Qatar","QAT",65700,2019,"QAT","Qatar","Middle East & North Africa","High income",4,"Asia",2021-01-28,"2021-05-31","2021-08-16",NA,2021-01-28,NA,51,123,200,"owid",51,"jan/2021","30-59","before Jun/2021","<180","yes","yes","yes","yes","yes","yes","Qatar",NA,NA,NA,"2021-03-01","2021-04-01",NA,NA,NA,NA,"yes","yes","no",NA,NA,NA,"yes","yes","no",NA,NA,0.665589605,0.611250087,0.989977623,0.793708962,0.661154793,0.094517277,NA,NA,0.459288792,0.021654159
"154","Romania","ROU",12700,2019,"ROU","Romania","Europe & Central Asia","High income",3,"Europe",2020-12-28,"2022-01-07",NA,2021-01-27,2020-12-28,-30,20,375,NA,"owid",20,"before jan/2021","<30","Dec/2021 +","360+","yes","no","no","yes","yes","no","Romania","2021-01-01","2021-01-01","2021-01-01","2021-01-01","2021-01-01","2021-01-01","yes","yes","yes","yes","yes","yes","yes","yes","yes","yes","yes","yes",0.876483463,0.824775742,0.463971291,0.385107482,0.421254656,0.3053391,0.091573068,0,0.162680307,0.125325738,0.135211572,0.10338514
"155","Russian Federation","RUS",11190,2019,"RUS","Russian Federation","Europe & Central Asia","Upper middle income",3,"Europe",2020-12-15,"2021-12-04",NA,NA,2020-12-15,NA,7,354,NA,"owid",7,"before jan/2021","<30","Dec/2021 +","270-359","yes","yes","no","yes","yes","no",NA,NA,NA,NA,NA,NA,NA,NA,NA,NA,NA,NA,NA,NA,NA,NA,NA,NA,NA,NA,NA,NA,NA,0.546151992,0,0,0,NA,NA,NA,NA
"156","Rwanda","RWA",820,2019,"RWA","Rwanda","Sub-Saharan Africa","Low income",1,"Africa",2021-03-05,"2022-01-27","2023-01-01",2021-03-05,2021-03-05,0,87,328,667,"equal",87,"march/2021 +","60-89","Dec/2021 +","270-359","yes","no","no","yes","yes","yes","Rwanda","2021-10-01","2021-10-01","2021-10-01","2021-10-01","2021-11-01",NA,"yes","yes","yes","yes","yes","no","yes","yes","yes","yes","yes","no",1,1,0.508153633,0.508153633,0.802925414,0.432059922,0.453900096,0.012068566,0.026901969,0.026901969,NA,NA
"157","Saudi Arabia","SAU",27720,2019,"SAU","Saudi Arabia","Middle East & North Africa","High income",4,"Asia",2021-01-06,"2021-08-30",NA,2021-01-06,2021-01-06,0,29,236,NA,"equal",29,"jan/2021","<30","Jun-Aug/2021","180-269","yes","yes","no","yes","yes","no","Saudi Arabia","2021-03-01","2021-08-01","2021-10-01","2021-04-01","2021-08-01",NA,"yes","yes","yes","yes","yes","no","yes","yes","yes","yes","yes","no",0.829896368,0.762235597,0.677835392,0.431865096,0.730569175,0.663846287,0.461291018,0.075127858,0.333453095,0.012569552,0.375360639,0.033657687
"158","Sudan","SDN",720,2019,"SDN","Sudan","Sub-Saharan Africa","Low income",1,"Africa",2021-04-05,NA,NA,2021-03-09,2021-03-09,27,91,NA,NA,"who",91,"march/2021 +","90+","not reached","not reached","yes","no","no","yes","no","no","Sudan","2022-02-01","2022-02-01","2022-02-01","2022-02-01",NA,NA,"no","no","yes","no","no","no","yes","yes","yes","yes","no","no",1,NA,0.088537168,NA,0.305966258,0.029340799,0.000872557,0,0.187392412,NA,0.008087689,NA
"159","Senegal","SEN",1430,2019,"SEN","Senegal","Sub-Saharan Africa","Lower middle income",1,"Africa",2021-02-24,NA,NA,2021-02-23,2021-02-23,1,77,NA,NA,"who",77,"feb/2021","60-89","not reached","not reached","yes","no","no","yes","no","no","Senegal","2021-02-01","2021-02-01","2021-02-01","2021-02-01","2021-02-01","2022-09-01","yes","yes","yes","yes","yes","no","yes","yes","yes","yes","yes","yes",1,1,0.47131118,0.317755034,0.092491146,0.057120516,0.043284589,0,0.096123913,0.096200214,0.056473535,0.056505953
"160","Singapore","SGP",58810,2019,"SGP","Singapore","East Asia & Pacific","High income",4,"Asia",2020-12-30,"2021-07-10","2021-08-14",2020-12-30,2020-12-30,0,22,192,227,"equal",22,"before jan/2021","<30","Jun-Aug/2021","180-269","yes","yes","yes","yes","yes","yes","Singapore","2021-01-01","2021-01-01","2021-11-01","2021-01-01","2021-01-01","2021-01-01","yes","yes","yes","yes","yes","yes","yes","yes","yes","yes","yes","yes",1,1,1,1,0.897160029,0.807194861,0.815193026,0,NA,NA,NA,NA
"161","Solomon Islands","SLB",2210,2019,"SLB","Solomon Islands","East Asia & Pacific","Lower middle income",2,"Oceania",2021-04-13,NA,NA,2021-03-23,2021-03-23,21,105,NA,NA,"who",105,"march/2021 +","90+","not reached","not reached","yes","no","no","yes","no","no","Solomon Islands","2021-06-01","2021-12-01","2022-05-01","2021-07-01","2022-07-01",NA,"yes","yes","yes","yes","no","no","yes","yes","yes","yes","yes","no",1,0.409424717,0.449574685,0.13331065,0.369809167,0.095519573,0.040612389,0,0.241087713,NA,0.069394352,NA
"162","Sierra Leone","SLE",850,2019,"SLE","Sierra Leone","Sub-Saharan Africa","Low income",1,"Africa",2021-03-25,"2022-12-18",NA,2021-03-15,2021-03-15,10,97,643,NA,"who",97,"march/2021 +","90+","Dec/2021 +","360+","yes","no","no","yes","yes","no","Sierra Leone","2022-12-01","2022-12-01","2022-12-01","2022-12-01",NA,NA,"no","no","no","no","no","no","yes","yes","yes","yes","no","no",1,NA,0.17814629,NA,0.622025395,0.048292945,0.150647055,0,0.812165514,NA,0.028013594,NA
"163","El Salvador","SLV",4130,2019,"SLV","El Salvador","Latin America & Caribbean","Upper middle income",2,"North America",2021-02-22,"2021-08-27",NA,2021-02-17,2021-02-17,5,71,191,NA,"who",71,"feb/2021","60-89","Jun-Aug/2021","180-269","yes","yes","no","yes","yes","no","El Salvador","2021-05-01","2021-05-01","2021-05-01","2021-05-01","2021-05-01","2021-08-01","yes","yes","yes","yes","yes","yes","yes","yes","yes","yes","yes","yes",1,1,0.773725271,0.828688836,0.678026211,0.637792361,0.294247098,0.143332349,1,0.897166099,0.495693466,0.400965942
"164","San Marino","SMR",43770,2019,"SMR","San Marino","Europe & Central Asia","High income",4,"Europe",2021-02-27,"2021-05-23","2022-03-20",2021-02-24,2021-02-24,3,78,88,389,"who",78,"feb/2021","60-89","before Jun/2021","<180","yes","yes","yes","yes","yes","yes","San Marino","2021-02-01","2021-02-01","2021-05-01","2021-02-01","2021-02-01","2021-02-01","yes","yes","yes","yes","yes","yes","yes","yes","yes","yes","yes","yes",0.794532235,0.782294215,0.784803723,0.779340348,0.696358065,0.671760528,0.570098415,0,0.173836181,0.147318798,0.763051396,0.476831242
"165","Somalia","SOM",520,2019,"SOM","Somalia","Sub-Saharan Africa","Low income",1,"Africa",2021-04-17,"2023-07-25",NA,2021-03-16,2021-03-16,32,98,861,NA,"who",98,"march/2021 +","90+","Dec/2021 +","360+","yes","no","no","yes","yes","no","Somalia","2021-05-01","2021-06-01","2021-06-01","2021-05-01","2022-11-01",NA,"yes","yes","yes","yes","no","no","yes","yes","yes","yes","yes","no",1,1,0.474900701,0.195395669,0.482396521,0.051650404,0,0,NA,NA,NA,NA
"166","Serbia","SRB",7380,2019,"SRB","Serbia","Europe & Central Asia","Upper middle income",3,"Europe",2021-01-08,"2021-08-12",NA,2020-12-23,2020-12-23,16,15,232,NA,"who",15,"before jan/2021","<30","Jun-Aug/2021","180-269","yes","yes","no","yes","yes","no","Serbia","2021-01-01","2021-01-01",NA,"2021-01-01","2021-01-01","2021-01-01","yes","yes","no","yes","yes","yes","yes","yes","no","yes","yes","yes",0.63611312,0.620348668,0.64777821,0.639640917,0.479961973,0.465702436,0,0,0,0,0,0
"167","South Sudan","SSD",1050,2015,"SSD","South Sudan","Sub-Saharan Africa","Low income",1,"Africa",2021-04-15,NA,NA,2021-04-06,2021-04-06,9,119,NA,NA,"who",119,"march/2021 +","90+","not reached","not reached","yes","no","no","yes","no","no","South Sudan","2021-10-01","2022-02-01","2022-06-01","2021-10-01","2022-04-01","2022-04-01","yes","no","yes","yes","no","yes","yes","yes","yes","yes","yes","yes",1,0.312686092,1,0.035709714,0.381754331,0.017231971,0.045840147,0,0.222604685,0,0,0
"168","Sao Tome and Principe","STP",1810,2019,"STP","São Tomé and Príncipe","Sub-Saharan Africa","Lower middle income",1,"Africa",2021-03-22,"2022-06-05",NA,2021-03-15,2021-03-15,7,97,447,NA,"who",97,"march/2021 +","90+","Dec/2021 +","360+","yes","no","no","yes","yes","no","Sao Tome & Principe","2021-11-01","2021-11-01","2021-11-01","2021-11-01","2023-06-01",NA,"yes","yes","yes","yes","no","no","yes","yes","yes","yes","yes","no",1,0.843208751,0.642792866,0.259080497,0.510980612,0.257603188,0.157985755,0.001530005,0.193710119,0,0.06888089,0
"169","Suriname","SUR",5960,2019,"SUR","Suriname","Latin America & Caribbean","Upper middle income",2,"South America",2021-03-19,NA,NA,2021-02-23,2021-02-23,24,77,NA,NA,"who",77,"feb/2021","60-89","not reached","not reached","yes","no","no","yes","no","no",NA,NA,NA,NA,NA,NA,NA,NA,NA,NA,NA,NA,NA,NA,NA,NA,NA,NA,NA,NA,NA,NA,NA,0.40549953,0.389090605,0.083338447,0.036029402,NA,NA,NA,NA
"170","Slovak Republic","SVK",19210,2019,"SVK","Slovak Republic","Europe & Central Asia","High income",3,"Europe",2021-01-03,"2021-08-29",NA,2020-12-23,2020-12-23,11,15,249,NA,"who",15,"before jan/2021","<30","Jun-Aug/2021","180-269","yes","yes","no","yes","yes","no","Slovakia",NA,NA,NA,"2021-01-01","2021-01-01","2021-01-01",NA,NA,NA,"yes","yes","yes",NA,NA,NA,"yes","yes","yes",NA,NA,0.691246932,0.654791785,0.511501642,0.44861783,0.308995464,0,NA,NA,0.618295845,0.380121658
"171","Slovenia","SVN",26040,2019,"SVN","Slovenia","Europe & Central Asia","High income",4,"Europe",2020-12-27,"2021-08-04",NA,2020-12-23,2020-12-23,4,15,224,NA,"who",15,"before jan/2021","<30","Jun-Aug/2021","180-269","yes","yes","no","yes","yes","no","Slovenia","2021-01-01","2021-01-01",NA,"2021-01-01","2021-01-01","2021-01-01","yes","yes","no","yes","yes","yes","yes","yes","no","yes","yes","yes",0.646576689,0.61574717,0.756770799,0.765783767,0.566537571,0.502418611,0.325157537,0,0.145780376,0.129187143,0.656936545,0.471985868
"172","Sweden","SWE",56230,2019,"SWE","Sweden","Europe & Central Asia","High income",4,"Europe",2021-01-03,"2021-08-08","2022-01-23",2020-12-23,2020-12-23,11,15,228,396,"who",15,"before jan/2021","<30","Jun-Aug/2021","180-269","yes","yes","yes","yes","yes","yes","Sweden","2021-01-01","2021-07-01","2022-05-01","2021-01-01","2021-01-01","2021-01-01","yes","yes","yes","yes","yes","yes","yes","yes","yes","yes","yes","yes",0.701460302,0.682121566,0.9266573,0.929362557,0.716870995,0.693715542,0.536701354,0,0,0,0.885216511,0.616480588
"173","Eswatini","SWZ",3650,2019,"SWZ","Eswatini","Sub-Saharan Africa","Lower middle income",2,"Africa",2021-04-05,NA,NA,2021-03-19,2021-03-19,17,101,NA,NA,"who",101,"march/2021 +","90+","not reached","not reached","yes","no","no","yes","no","no","Eswatini","2021-06-01","2021-06-01","2021-08-01","2021-06-01","2021-11-01","2022-12-01","yes","yes","yes","yes","yes","no","yes","yes","yes","yes","yes","yes",1,1,0.721374934,0.470727007,0.368340166,0.260112794,0.154676408,0,1,0.112525809,0.674391946,0.067616959
"174","Sint Maarten (Dutch part)","SXM",34060,2019,"SXM","Sint Maarten (Dutch part)","Latin America & Caribbean","High income",4,"North America",2021-05-07,"2021-07-02",NA,NA,2021-05-07,NA,150,56,NA,"owid",150,"march/2021 +","90+","Jun-Aug/2021","<180","yes","yes","no","yes","yes","no",NA,NA,NA,NA,NA,NA,NA,NA,NA,NA,NA,NA,NA,NA,NA,NA,NA,NA,NA,NA,NA,NA,NA,0.624341215,0.588708549,0.213282963,0,NA,NA,NA,NA
"175","Seychelles","SYC",18700,2019,"SYC","Seychelles","Sub-Saharan Africa","High income",3,"Africa",2021-01-13,"2021-04-10","2021-10-25",2021-01-10,2021-01-10,3,33,90,288,"who",33,"jan/2021","30-59","before Jun/2021","<180","yes","yes","yes","yes","yes","yes","Seychelles",NA,NA,NA,"2021-10-01","2021-10-01","2021-10-01",NA,NA,NA,"yes","yes","yes",NA,NA,NA,"yes","yes","yes",NA,NA,1,1,0.849695466,0.79627093,0.456912768,0.258684861,NA,NA,1,1
"176","Syrian Arab Republic","SYR",970,2019,"SYR","Syrian Arab Republic","Middle East & North Africa","Low income",1,"Asia",2021-04-08,NA,NA,2021-04-01,2021-04-01,7,114,NA,NA,"who",114,"march/2021 +","90+","not reached","not reached","yes","no","no","yes","no","no","Syria","2021-10-01",NA,NA,"2021-12-01",NA,NA,"yes","no","no","yes","no","no","yes","no","no","yes","no","no",0.352377689,0.236013286,0.191378655,0.097202414,0.134758647,0.046472153,0.004335894,1.48042e-05,0,0,NA,NA
"177","Turks and Caicos Islands","TCA",26920,2019,"TCA","Turks and Caicos Islands","Latin America & Caribbean","High income",4,"North America",2021-03-29,"2021-07-02",NA,2021-01-11,2021-01-11,77,34,172,NA,"who",34,"jan/2021","30-59","Jun-Aug/2021","<180","yes","yes","no","yes","yes","no",NA,NA,NA,NA,NA,NA,NA,NA,NA,NA,NA,NA,NA,NA,NA,NA,NA,NA,NA,NA,NA,NA,NA,0.793171135,0.700785165,0.192236169,0,NA,NA,NA,NA
"178","Chad","TCD",670,2019,"TCD","Chad","Sub-Saharan Africa","Low income",1,"Africa",2021-06-10,NA,NA,2021-06-04,2021-06-04,6,178,NA,NA,"who",178,"march/2021 +","90+","not reached","not reached","yes","no","no","yes","no","no","Chad","2021-10-01","2022-11-01","2022-11-01","2021-10-01","2023-02-01","2023-02-01","yes","no","no","yes","no","no","yes","yes","yes","yes","yes","yes",1,0.198952381,1,0.0109254,0.305637499,0.005799817,0.24611022,0,1,NA,0.987086238,NA
"179","Togo","TGO",860,2019,"TGO","Togo","Sub-Saharan Africa","Low income",1,"Africa",2021-03-24,NA,NA,2021-03-10,2021-03-10,14,92,NA,NA,"who",92,"march/2021 +","90+","not reached","not reached","yes","no","no","yes","no","no","Togo","2022-01-01","2022-01-01",NA,"2022-06-01","2022-12-01","2022-12-01","no","no","no","no","no","no","yes","yes","no","yes","yes","yes",0.696454699,NA,1,NA,0.187718059,0.123312723,0.051675113,0.000121879,NA,NA,0.040956741,NA
"180","Thailand","THA",7060,2019,"THA","Thailand","East Asia & Pacific","Upper middle income",3,"Asia",2021-03-02,"2021-10-26","2022-03-30",2021-02-28,2021-02-28,2,82,240,395,"who",82,"feb/2021","60-89","Sep-Nov/2021","180-269","yes","yes","yes","yes","yes","yes","Thailand","2021-04-01","2021-05-01","2021-05-01","2021-04-01","2022-02-01",NA,"yes","yes","yes","yes","no","no","yes","yes","yes","yes","yes","no",1,1,0.595424466,0.065698708,0.776448898,0.65747236,0.460507753,0,1,NA,0.332437764,NA
"181","Tajikistan","TJK",1050,2019,"TJK","Tajikistan","Europe & Central Asia","Lower middle income",1,"Asia",2021-05-07,"2022-02-20",NA,2021-03-24,2021-03-24,44,106,333,NA,"who",106,"march/2021 +","90+","Dec/2021 +","270-359","yes","no","no","yes","yes","no","Tajikistan","2022-01-01","2022-01-01","2022-01-01",NA,NA,NA,"no","no","yes",NA,NA,NA,"yes","yes","yes",NA,NA,NA,0.912948762,NA,NA,NA,0.54436086,0.315030546,0.55805156,0,0,NA,NA,NA
"182","Turkmenistan","TKM",6450,2019,"TKM","Turkmenistan","Europe & Central Asia","Upper middle income",2,"Asia",2021-02-28,"2022-03-06","2023-08-06",2021-02-24,2021-02-24,4,78,375,893,"who",78,"feb/2021","60-89","Dec/2021 +","360+","yes","no","no","yes","yes","yes","Turkmenistan","2021-02-01","2021-11-01",NA,"2021-02-01",NA,NA,"yes","yes","no","yes","no","no","yes","yes","no","yes","no","no",0.421164753,0.421164753,0.002327716,0.002327716,0.757545903,0.390802969,0.632777594,0.032081578,NA,NA,NA,NA
"183","Timor-Leste","TLS",2180,2019,"TLS","Timor-Leste","East Asia & Pacific","Lower middle income",2,"Asia",2021-04-14,"2022-01-04",NA,2021-04-07,2021-04-07,7,120,272,NA,"who",120,"march/2021 +","90+","Dec/2021 +","270-359","yes","no","no","yes","yes","no","Timor-Leste","2021-08-01","2021-08-01","2021-08-01","2021-08-01","2021-08-01","2021-08-01","yes","yes","yes","yes","yes","yes","yes","yes","yes","yes","yes","yes",1,1,0.779986346,1,0.608109553,0.411533067,0.258032,0,1,0,0.328196175,NA
"184","Tonga","TON",4940,2019,"TON","Tonga","East Asia & Pacific","Upper middle income",2,"Oceania",2021-04-20,"2021-11-22","2022-07-25",2021-04-14,2021-04-14,6,127,222,467,"who",127,"march/2021 +","90+","Sep-Nov/2021","180-269","yes","yes","no","yes","yes","yes","Tonga","2021-07-01","2021-07-01","2021-08-01","2021-07-01","2021-07-01","2021-10-01","yes","yes","yes","yes","yes","yes","yes","yes","yes","yes","yes","yes",1,1,1,0.916143216,0.732201145,0.59066181,0.365088226,0,1,NA,1,NA
"185","Trinidad and Tobago","TTO",17540,2019,"TTO","Trinidad and Tobago","Latin America & Caribbean","High income",3,"North America",2021-02-22,"2021-11-06",NA,2021-02-17,2021-02-17,5,71,262,NA,"who",71,"feb/2021","60-89","Sep-Nov/2021","180-269","yes","yes","no","yes","yes","no","Trinidad & Tobago","2021-03-01",NA,NA,NA,NA,NA,"yes","no","no",NA,NA,NA,"yes","no","no",NA,NA,NA,0.033259986,0.033259986,NA,NA,0.513737167,0.477119489,0.124928545,0.051718914,NA,NA,NA,NA
"186","Tunisia","TUN",3590,2019,"TUN","Tunisia","Middle East & North Africa","Lower middle income",2,"Africa",2021-03-13,"2021-11-22",NA,2021-03-13,2021-03-13,0,95,254,NA,"equal",95,"march/2021 +","90+","Sep-Nov/2021","180-269","yes","yes","no","yes","yes","no","Tunisia",NA,NA,NA,"2022-11-01","2022-11-01","2022-11-01",NA,NA,NA,"no","no","no",NA,NA,NA,"yes","yes","yes",NA,NA,0.866754091,NA,0.541662693,0.464254748,0.106491038,0.052956322,NA,NA,0.376726127,NA
"187","Turkiye","TUR",9800,2019,"TUR","Türkiye","Europe & Central Asia","Upper middle income",3,"Asia",2021-01-14,"2021-08-19",NA,NA,2021-01-14,NA,37,217,NA,"owid",37,"jan/2021","30-59","Jun-Aug/2021","180-269","yes","yes","no","yes","yes","no",NA,NA,NA,NA,NA,NA,NA,NA,NA,NA,NA,NA,NA,NA,NA,NA,NA,NA,NA,NA,NA,NA,NA,0.63045267,0,0.330764046,0,NA,NA,NA,NA
"188","Tuvalu","TUV",6880,2019,"TUV","Tuvalu","East Asia & Pacific","Upper middle income",3,"Oceania",2021-04-27,"2021-09-10","2022-07-21",2021-04-13,2021-04-13,14,126,150,464,"who",126,"march/2021 +","90+","Sep-Nov/2021","<180","yes","yes","no","yes","yes","yes","Tuvalu","2022-02-01","2022-02-01","2022-02-01","2022-02-01",NA,NA,"no","no","yes","no","no","no","yes","yes","yes","yes","no","no",0.839963127,NA,0.222886422,NA,0.806054953,0.508912051,0.487194708,0,NA,NA,NA,NA
"189","Tanzania","TZA",1050,2019,"TZA","Tanzania","Sub-Saharan Africa","Lower middle income",1,"Africa",2021-08-08,"2022-11-27",NA,2021-07-28,2021-07-28,11,232,487,NA,"who",232,"march/2021 +","90+","Dec/2021 +","360+","yes","no","no","yes","yes","no","Tanzania","2021-11-01","2021-11-01",NA,"2021-11-01","2022-12-01","2022-12-01","yes","yes","no","yes","no","no","yes","yes","no","yes","yes","yes",0.68767548,0.549686515,1,0.03131,0.53848183,0.02830669,0,0,NA,NA,NA,NA
"190","Uganda","UGA",810,2019,"UGA","Uganda","Sub-Saharan Africa","Low income",1,"Africa",2021-03-15,NA,NA,2021-03-10,2021-03-10,5,92,NA,NA,"who",92,"march/2021 +","90+","not reached","not reached","yes","no","no","yes","no","no","Uganda","2021-11-01","2021-11-01","2022-04-01","2021-11-01",NA,NA,"yes","yes","yes","yes","no","no","yes","yes","yes","yes","no","no",1,0.584215464,0.364505057,0.051830573,0.285545222,0.035383606,0.016717253,0,0.208401971,0,0,0
"191","Ukraine","UKR",3270,2019,"UKR","Ukraine","Europe & Central Asia","Lower middle income",2,"Europe",2021-02-26,NA,NA,2021-02-24,2021-02-24,2,78,NA,NA,"who",78,"feb/2021","60-89","not reached","not reached","yes","no","no","yes","no","no","Ukraine","2021-02-01","2021-02-01",NA,"2021-02-01",NA,NA,"yes","yes","no","yes","no","no","yes","yes","no","yes","no","no",0.60890938,0.568871486,0.327236876,0.289456074,0.359928722,0.310582544,0.075341774,0,0.046466778,0.046466778,0.023238974,0.023238974
"192","Uruguay","URY",18390,2019,"URY","Uruguay","Latin America & Caribbean","High income",3,"South America",2021-02-27,"2021-06-18","2021-08-12",2021-02-27,2021-02-27,0,81,111,166,"equal",81,"feb/2021","60-89","Jun-Aug/2021","<180","yes","yes","yes","yes","yes","yes","Uruguay","2021-07-01","2021-07-01","2021-07-01","2021-03-01","2021-07-01","2021-11-01","yes","yes","yes","yes","yes","yes","yes","yes","yes","yes","yes","yes",0.947912531,0.939487572,0.928369979,0.70609418,0.83575465,0.769980396,0.599056634,0.437952288,0.826671095,0.6652974,0.928109257,0.449351137
"193","United States","USA",66220,2019,"USA","United States","North America","High income",4,"North America",2020-12-13,"2021-05-14",NA,2020-12-14,2020-12-13,-1,5,152,NA,"owid",5,"before jan/2021","<30","before Jun/2021","<180","yes","yes","no","yes","yes","no","USA",NA,NA,NA,"2021-03-01","2021-03-01","2021-06-01",NA,NA,NA,"yes","yes","yes",NA,NA,NA,"yes","yes","yes",NA,NA,0.911647799,0.720854066,0.69678399,0.614654875,0.357816763,0.205730062,NA,NA,0.673950142,NA
"194","Uzbekistan","UZB",2150,2019,"UZB","Uzbekistan","Europe & Central Asia","Lower middle income",1,"Asia",2021-04-06,"2022-03-13",NA,2021-04-28,2021-04-06,-22,119,341,NA,"owid",119,"march/2021 +","90+","Dec/2021 +","270-359","yes","no","no","yes","yes","no","Uzbekistan","2021-04-01","2021-08-01","2022-05-01","2021-04-01",NA,NA,"yes","yes","yes","yes","no","no","yes","yes","yes","yes","no","no",0.832390805,0.694322727,0.316882332,0.306475565,0.551306322,0.342851604,0.490392614,0,0.341217921,0.037825549,0.243405948,0.026241517
"195","St. Vincent and the Grenadines","VCT",8700,2019,"VCT","St. Vincent and the Grenadines","Latin America & Caribbean","Upper middle income",3,"North America",2021-03-17,NA,NA,2021-02-01,2021-02-01,44,55,NA,NA,"who",55,"feb/2021","30-59","not reached","not reached","yes","no","no","yes","no","no","Saint Vincent & The Grenadines","2021-03-01","2021-03-01",NA,"2021-03-01",NA,NA,"yes","yes","no","yes","no","no","yes","yes","no","yes","no","no",0.372781065,0.372781065,0.215287684,0.185152164,0.285127096,0.236560303,0.038570398,0.013160267,NA,NA,0.067582026,NA
"196","Venezuela, RB","VEN",12990,2014,"VEN","Venezuela, RB","Latin America & Caribbean",NA,3,"South America",2021-03-04,"2021-12-17",NA,2021-02-22,2021-02-22,10,76,298,NA,"who",76,"feb/2021","60-89","Dec/2021 +","270-359","yes","yes","no","yes","yes","no","Venezuela","2021-03-01","2021-08-01","2021-08-01","2021-03-01","2021-09-01","2021-09-01","yes","yes","yes","yes","yes","yes","yes","yes","yes","yes","yes","yes",1,1,1,1,0.502440573,0.408226526,0.022911217,0,NA,NA,NA,NA
"197","Viet Nam","VNM",3290,2019,"VNM","Vietnam","East Asia & Pacific","Lower middle income",2,"Asia",2021-03-12,"2021-12-02","2022-01-13",2021-03-08,2021-03-08,4,90,269,311,"who",90,"march/2021 +","90+","Dec/2021 +","180-269","yes","yes","yes","yes","yes","yes","VietNam","2021-04-01","2021-07-01","2021-07-01","2021-08-01","2022-02-01","2022-03-01","yes","yes","yes","yes","no","yes","yes","yes","yes","yes","yes","yes",1,0.938859249,0.954781582,0.007269428,0.883119159,0.706142345,0.595603723,0,NA,NA,NA,NA
"198","Vanuatu","VUT",3740,2019,"VUT","Vanuatu","East Asia & Pacific","Lower middle income",2,"Oceania",2021-06-03,"2022-10-17",NA,2021-06-02,2021-06-02,1,176,502,NA,"who",176,"march/2021 +","90+","Dec/2021 +","360+","yes","no","no","yes","yes","no","Vanuatu","2021-07-01","2021-08-01","2021-08-01","2021-07-01","2022-01-01","2022-04-01","yes","yes","yes","yes","no","yes","yes","yes","yes","yes","yes","yes",1,1,0.805785124,0.326158821,0.528252128,0.192384937,0.05390288,0,1,NA,0.29310097,NA
"199","Samoa","WSM",4270,2019,"WSM","Samoa","East Asia & Pacific","Lower middle income",2,"Oceania",2021-05-04,"2021-11-30","2022-05-02",2021-04-18,2021-04-18,16,131,226,379,"who",131,"march/2021 +","90+","Sep-Nov/2021","180-269","yes","yes","yes","yes","yes","yes","Samoa","2022-02-01","2022-02-01","2022-02-01","2022-02-01","2022-02-01","2022-02-01","no","no","yes","no","no","yes","yes","yes","yes","yes","yes","yes",1,NA,0.865386952,NA,0.896882276,0.62029919,0.414628,0,1,NA,NA,NA
"200","Kosovo","XKX",4640,2019,NA,"Kosovo","Europe & Central Asia","Upper middle income",2,NA,NA,NA,NA,2021-03-31,2021-03-31,NA,113,NA,NA,"who",113,"march/2021 +","90+","not reached","not reached","yes","no","no","yes","no","no",NA,NA,NA,NA,NA,NA,NA,NA,NA,NA,NA,NA,NA,NA,NA,NA,NA,NA,NA,NA,NA,NA,NA,NA,NA,NA,NA,NA,NA,NA,NA
"201","Yemen, Rep.","YEM",740,2018,"YEM","Yemen, Rep.","Middle East & North Africa","Low income",1,"Asia",2021-05-09,NA,NA,2021-04-20,2021-04-20,19,133,NA,NA,"who",133,"march/2021 +","90+","not reached","not reached","yes","no","no","yes","no","no","Yemen","2021-06-01",NA,NA,"2021-06-01",NA,NA,"yes","no","no","yes","no","no","yes","no","no","yes","no","no",0.338289111,0.199010497,0.094073382,0.00304384,0.027058874,0.009188607,0.002310906,0,0.072734854,0,0.012125771,0
"202","South Africa","ZAF",6570,2019,"ZAF","South Africa","Sub-Saharan Africa","Upper middle income",3,"Africa",2021-02-19,NA,NA,2021-02-17,2021-02-17,2,71,NA,NA,"who",71,"feb/2021","60-89","not reached","not reached","yes","no","no","yes","no","no","South Africa",NA,NA,NA,"2021-02-01","2021-02-01","2021-02-01",NA,NA,NA,"yes","yes","yes",NA,NA,NA,"yes","yes","yes",NA,NA,0.707012115,0.707012115,0.3547338,0.267167303,0.074366859,0,NA,NA,NA,NA
"203","Zambia","ZMB",1380,2019,"ZMB","Zambia","Sub-Saharan Africa","Lower middle income",1,"Africa",2021-04-18,"2022-10-27",NA,2021-04-14,2021-04-14,4,127,561,NA,"who",127,"march/2021 +","90+","Dec/2021 +","360+","yes","no","no","yes","yes","no","Zambia","2021-09-01","2021-09-01","2021-12-01","2021-10-01","2023-01-01",NA,"yes","yes","yes","yes","no","no","yes","yes","yes","yes","yes","no",1,0.707187926,0.671221568,0.106195481,0.498018571,0.063663408,0.076948567,0.001058223,0.230170054,0.002483697,0.071400977,NA
"204","Zimbabwe","ZWE",2170,2019,"ZWE","Zimbabwe","Sub-Saharan Africa","Lower middle income",1,"Africa",2021-02-21,NA,NA,2021-02-18,2021-02-18,3,72,NA,NA,"who",72,"feb/2021","60-89","not reached","not reached","yes","no","no","yes","no","no",NA,NA,NA,NA,NA,NA,NA,NA,NA,NA,NA,NA,NA,NA,NA,NA,NA,NA,NA,NA,NA,NA,NA,0.380955928,0.210579224,0.154745325,0,NA,NA,NA,NA
