"","country","iso_code","continent","worldbank_GNI_per_capita","worldbank_GNI_quartile","worldbank_GNI_year","owid_vac_intro","owid_vac_F40","owid_vac_F70","who_vac_intro","min_vac_intro","diff_owid_who_intro","diff_min_vac_intro_1Dec2020","diff_intro_F40","diff_intro_F70","owid_vaccines","owid_last_observation_date","owid_source_name","owid_source_website","any_mRNA","any_vectored","any_inactivated","any_protein","ivac_min_VE_pub_date","ivac_n_VE_studies","diff_intro_min_VE_pub"
"1","Aruba","ABW","North America",40570,4,2019,2021-03-29,2021-05-22,2021-09-27,2021-02-17,2021-02-17,40,78,94,222,"Pfizer/BioNTech",2023-10-13,"Government of Aruba","https://www.government.aw",1,0,0,0,NA,NA,NA
"2","Afghanistan","AFG","Asia",2200,1,2019,2021-02-28,2023-06-20,NA,2021-02-22,2021-02-22,6,83,848,NA,"CanSino, Covaxin, Johnson&Johnson, Moderna, Oxford/AstraZeneca, Pfizer/BioNTech, Sinopharm/Beijing, Sinovac, Sputnik Light, Sputnik V",2023-10-08,"World Health Organization","https://covid19.who.int/",1,1,1,0,NA,NA,NA
"3","Angola","AGO","Africa",6260,2,2019,2021-03-08,NA,NA,2021-03-10,2021-03-08,-2,97,NA,NA,"Oxford/AstraZeneca",2023-09-17,"World Health Organization","https://covid19.who.int/",0,1,0,0,NA,NA,NA
"4","Albania","ALB","Europe",14220,2,2019,2021-01-13,2022-02-01,NA,2021-01-13,2021-01-13,0,43,384,NA,"Oxford/AstraZeneca, Pfizer/BioNTech, Sinovac, Sputnik V",2023-07-16,"World Health Organization","https://covid19.who.int/",1,1,1,0,2023-05-05,1,842
"5","United Arab Emirates","ARE","Asia",75180,4,2019,2021-01-05,2021-04-20,2021-07-15,NA,2021-01-05,NA,35,105,191,"CanSino, Covaxin, Johnson&Johnson, Moderna, Oxford/AstraZeneca, Pfizer/BioNTech, Sinopharm/Beijing, Sinovac, Sputnik Light, Sputnik V",2022-06-20,"National Emergency Crisis and Disaster Management Authority","https://covid19.who.int/",1,1,1,0,2021-10-27,2,295
"6","Argentina","ARG","South America",22100,3,2019,2020-12-29,2021-09-18,2022-01-14,2020-12-29,2020-12-29,0,28,263,381,"CanSino, Moderna, Oxford/AstraZeneca, Pfizer/BioNTech, Sinopharm/Beijing, Sputnik V",2023-10-17,"Ministry of Health","https://covidstats.com.ar/",1,1,1,0,2022-03-15,3,441
"7","Armenia","ARM","Asia",15120,3,2019,2021-03-31,NA,NA,2021-01-27,2021-01-27,63,57,NA,NA,"Johnson&Johnson, Moderna, Oxford/AstraZeneca, Pfizer/BioNTech, Sinopharm/Beijing, Sinopharm/Wuhan, Sinovac, Sputnik Light, Sputnik V",2023-09-03,"World Health Organization","https://covid19.who.int/",1,1,1,0,NA,NA,NA
"8","Antigua and Barbuda","ATG","North America",22500,3,2019,2021-03-15,2021-09-24,NA,2021-03-01,2021-03-01,14,90,207,NA,"Johnson&Johnson, Oxford/AstraZeneca, Pfizer/BioNTech, Sinopharm/Beijing, Sputnik V",2022-09-16,"Ministry of Health","https://covid19.who.int/",1,1,1,0,NA,NA,NA
"9","Australia","AUS","Oceania",50180,4,2019,2021-02-22,2021-09-24,2021-11-21,2021-02-21,2021-02-21,1,82,215,273,"Johnson&Johnson, Moderna, Novavax, Oxford/AstraZeneca, Pfizer/BioNTech",2023-03-24,"Government of Australia via CovidBaseAU","https://covid19.who.int/",1,1,0,1,2023-07-29,1,888
"10","Austria","AUT","Europe",59540,4,2019,2021-01-08,2021-07-09,2021-12-24,2020-12-30,2020-12-30,9,29,191,359,"Johnson&Johnson, Moderna, Novavax, Oxford/AstraZeneca, Pfizer/BioNTech, Sanofi/GSK, Valneva",2023-06-30,"European CDC","https://www.ecdc.europa.eu/en/publications-data/data-covid-19-vaccination-eu-eea",1,1,1,1,NA,NA,NA
"11","Azerbaijan","AZE","Asia",14470,2,2019,2021-02-06,2021-10-14,NA,2021-01-20,2021-01-20,17,50,267,NA,"Oxford/AstraZeneca, Pfizer/BioNTech, Sinovac, Sputnik V",2022-08-28,"Government of Azerbaijan","https://koronavirusinfo.az",1,1,1,0,NA,NA,NA
"12","Burundi","BDI","Africa",760,1,2019,2021-11-09,NA,NA,2021-10-18,2021-10-18,22,321,NA,NA,"Johnson&Johnson, Sinopharm/Beijing",2023-08-27,"World Health Organization","https://covid19.who.int/",0,1,1,0,NA,NA,NA
"13","Belgium","BEL","Europe",56280,4,2019,2020-12-30,2021-07-08,2021-08-30,2020-12-30,2020-12-30,0,29,190,243,"Johnson&Johnson, Moderna, Novavax, Oxford/AstraZeneca, Pfizer/BioNTech",2023-09-24,"Sciensano","https://epistat.wiv-isp.be/covid/",1,1,0,1,2022-05-11,2,497
"14","Benin","BEN","Africa",3260,1,2019,2021-05-12,NA,NA,2021-03-29,2021-03-29,44,118,NA,NA,"Johnson&Johnson, Oxford/AstraZeneca, Pfizer/BioNTech, Sinovac",2022-12-18,"Ministry of Health","https://covid19.who.int/",1,1,1,0,NA,NA,NA
"15","Burkina Faso","BFA","Africa",2080,1,2019,2021-06-10,NA,NA,2021-06-02,2021-06-02,8,183,NA,NA,"Johnson&Johnson, Oxford/AstraZeneca, Sinopharm/Beijing",2023-07-23,"World Health Organization","https://covid19.who.int/",0,1,1,0,NA,NA,NA
"16","Bangladesh","BGD","Asia",5930,2,2019,2021-02-07,2022-02-18,2022-07-16,2021-01-27,2021-01-27,11,57,387,535,"Johnson&Johnson, Moderna, Oxford/AstraZeneca, Pfizer/BioNTech, Pfizer/BioNTech, Sinopharm/Beijing, Sinovac",2023-10-18,"Directorate General of Health Services","http://103.247.238.92/webportal/pages/covid19-vaccination-update.php",1,1,1,0,2022-12-02,1,674
"17","Bulgaria","BGR","Europe",24460,3,2019,2020-12-29,NA,NA,2020-12-30,2020-12-29,-1,28,NA,NA,"Johnson&Johnson, Moderna, Oxford/AstraZeneca, Pfizer/BioNTech",2023-10-18,"Ministry of Health","https://coronavirus.bg/bg/statistika",1,1,0,0,NA,NA,NA
"18","Bahrain","BHR","Asia",48830,4,2019,2020-12-23,2021-05-11,2021-07-17,2020-11-04,2020-11-04,49,0,188,255,"CanSino, Covaxin, Johnson&Johnson, Moderna, Oxford/AstraZeneca, Pfizer/BioNTech, Sinopharm/Beijing, Sinovac, Sputnik Light, Sputnik V",2022-12-21,"Ministry of Health","https://covid19.who.int/",1,1,1,0,NA,NA,NA
"19","Bahamas, The","BHS","North America",34970,4,2019,2021-03-14,2022-09-16,NA,2021-03-14,2021-03-14,0,103,551,NA,"Johnson&Johnson, Oxford/AstraZeneca, Pfizer/BioNTech",2023-05-12,"Pan American Health Organization","https://ais.paho.org/imm/IM_DosisAdmin-Vacunacion.asp",1,1,0,0,NA,NA,NA
"20","Bosnia and Herzegovina","BIH","Europe",15870,3,2019,2021-04-14,NA,NA,NA,2021-04-14,NA,134,NA,NA,"Oxford/AstraZeneca, Pfizer/BioNTech, Sinovac, Sputnik V",2022-01-29,"World Health Organization","https://covid19.who.int/",1,1,1,0,NA,NA,NA
"21","Belarus","BLR","Europe",19510,3,2019,2021-02-18,2022-01-16,NA,2021-02-03,2021-02-03,15,64,347,NA,"KoviVac/Chumakov, Sinopharm/Beijing, Sputnik Light, Sputnik V",2023-08-13,"World Health Organization","https://covid19.who.int/",0,1,1,0,NA,NA,NA
"22","Belize","BLZ","North America",8770,2,2019,2021-03-02,2021-11-12,NA,2021-03-01,2021-03-01,1,90,256,NA,"Johnson&Johnson, Oxford/AstraZeneca, Pfizer/BioNTech, Sinopharm/Beijing",2023-05-12,"World Health Organization","https://ais.paho.org/imm/IM_DosisAdmin-Vacunacion.asp",1,1,1,0,NA,NA,NA
"23","Bermuda","BMU","North America",86290,4,2019,2021-01-16,2021-05-12,2021-12-10,2021-01-11,2021-01-11,5,41,121,333,"Oxford/AstraZeneca, Pfizer/BioNTech",2022-07-08,"Pan American Health Organization","https://ais.paho.org/imm/IM_DosisAdmin-Vacunacion.asp",1,1,0,0,NA,NA,NA
"24","Bolivia","BOL","South America",8710,2,2019,2021-02-02,2022-01-14,NA,2021-01-30,2021-01-30,3,60,349,NA,"Johnson&Johnson, Oxford/AstraZeneca, Pfizer/BioNTech, Sinopharm/Beijing, Sputnik V",2022-10-07,"Ministry of Health via https://www.boligrafica.com/","https://github.com/dquintani/vacunacion/",1,1,1,0,NA,NA,NA
"25","Brazil","BRA","South America",14890,3,2019,2021-01-19,2021-09-24,2022-02-05,2021-01-17,2021-01-17,2,47,250,384,"Johnson&Johnson, Oxford/AstraZeneca, Pfizer/BioNTech, Sinovac",2023-03-22,"State governments via coronavirusbra1.github.io","https://coronavirusbra1.github.io",1,1,1,0,2021-07-21,17,185
"26","Barbados","BRB","North America",15790,3,2019,2021-02-15,2021-10-11,NA,2021-01-08,2021-01-08,38,38,276,NA,"Johnson&Johnson, Oxford/AstraZeneca, Pfizer/BioNTech, Sinopharm/Beijing",2023-06-02,"Ministry of Health","https://covid19.who.int/",1,1,1,0,NA,NA,NA
"27","Brunei Darussalam","BRN","Asia",65730,4,2019,2021-04-03,2021-09-28,2021-11-19,2021-04-03,2021-04-03,0,123,178,230,"Johnson&Johnson, Moderna, Oxford/AstraZeneca, Pfizer/BioNTech, Sinopharm/Beijing",2023-06-30,"World Health Organization","https://covid19.who.int/",1,1,1,0,NA,NA,NA
"28","Bhutan","BTN","Asia",11180,2,2019,2021-03-27,2021-07-23,2021-10-31,2021-03-27,2021-03-27,0,116,118,218,"Moderna, Oxford/AstraZeneca, Pfizer/BioNTech, Sinopharm/Beijing",2022-10-30,"World Health Organization","https://covid19.who.int/",1,1,1,0,NA,NA,NA
"29","Botswana","BWA","Africa",14930,3,2019,2021-04-02,2022-01-17,NA,2021-03-26,2021-03-26,7,115,297,NA,"Covaxin, Johnson&Johnson, Moderna, Oxford/AstraZeneca, Pfizer/BioNTech, Sinovac",2023-05-07,"Africa Centres for Disease Control and Prevention","https://covid19.who.int/",1,1,1,0,NA,NA,NA
"30","Central African Republic","CAF","Africa",960,1,2019,2021-05-12,2023-03-05,NA,2021-03-19,2021-03-19,54,108,716,NA,"Covaxin, Oxford/AstraZeneca",2023-09-03,"Africa Centres for Disease Control and Prevention","https://covid19.who.int/",0,1,1,0,NA,NA,NA
"31","Canada","CAN","North America",49140,4,2019,2020-12-16,2021-07-09,2021-09-28,2020-12-14,2020-12-14,2,13,207,288,"Johnson&Johnson, Medicago, Moderna, Novavax, Oxford/AstraZeneca, Pfizer/BioNTech",2023-02-02,"Official data from provinces via covid19tracker.ca","https://covid19tracker.ca/vaccinationtracker.html",1,1,0,1,2021-07-09,28,207
"32","Switzerland","CHE","Europe",71070,4,2019,2020-12-24,NA,NA,2020-12-23,2020-12-23,1,22,NA,NA,"Johnson&Johnson, Moderna, Novavax, Pfizer/BioNTech",2023-07-03,"Federal Office of Public Health","https://opendata.swiss/en/dataset/covid-19-schweiz?detGeo=CH",1,1,0,1,NA,NA,NA
"33","Chile","CHL","South America",24650,3,2019,2020-12-25,2021-05-25,2021-09-02,2020-12-21,2020-12-21,4,20,155,255,"CanSino, Moderna, Oxford/AstraZeneca, Pfizer/BioNTech, Sinovac",2023-02-08,"Ministry of Health, via Ministry of Science GitHub repository","https://github.com/MinCiencia/Datos-COVID19",1,1,1,0,2021-07-07,5,198
"34","China","CHN","Asia",16610,3,2019,2020-12-15,2021-08-12,2021-09-15,2020-07-22,2020-07-22,146,0,386,420,"CanSino, IMBCAMS, KCONVAC, Sinopharm/Beijing, Sinopharm/Wuhan, Sinovac, ZF2001",2023-02-09,"National Health Commission","https://www.chinacdc.cn/jkzt/crb/zl/szkb_11803/jszl_13141/202302/t20230211_263697.html",0,1,1,1,2022-01-10,5,537
"35","Cote d'Ivoire","CIV","Africa",5200,1,2019,2021-03-06,2022-12-18,NA,2021-03-01,2021-03-01,5,90,657,NA,"Johnson&Johnson, Oxford/AstraZeneca, Pfizer/BioNTech, Sinopharm/Beijing, Sputnik V",2023-02-19,"World Health Organization","https://covid19.who.int/",1,1,1,0,NA,NA,NA
"36","Cameroon","CMR","Africa",3830,1,2019,2021-04-29,NA,NA,2021-04-12,2021-04-12,17,132,NA,NA,"Johnson&Johnson, Oxford/AstraZeneca, Pfizer/BioNTech, Sinopharm/Beijing",2023-09-17,"World Health Organization","https://covid19.who.int/",1,1,1,0,NA,NA,NA
"37","Congo, Dem. Rep.","COD","Africa",1040,1,2019,2021-05-12,NA,NA,2021-04-19,2021-04-19,23,139,NA,NA,"Oxford/AstraZeneca",2023-06-04,"World Health Organization","https://covid19.who.int/",0,1,0,0,NA,NA,NA
"38","Congo, Rep.","COG","Africa",3430,1,2019,2021-04-14,NA,NA,2021-03-23,2021-03-23,22,112,NA,NA,"Moderna, Oxford/AstraZeneca, Sinopharm/Beijing, Sputnik V",2022-07-31,"Africa Centres for Disease Control and Prevention","https://covid19.who.int/",1,1,1,0,NA,NA,NA
"39","Colombia","COL","South America",15530,3,2019,2021-02-18,2021-10-26,2022-07-29,2021-02-17,2021-02-17,1,78,251,527,"Johnson&Johnson, Moderna, Oxford/AstraZeneca, Pfizer/BioNTech, Sinovac",2023-04-07,"World Health Organization","https://covid19.who.int/",1,1,1,0,2021-10-19,6,244
"40","Comoros","COM","Africa",3450,1,2019,2021-04-21,2022-07-03,NA,2021-04-10,2021-04-10,11,130,449,NA,"Covaxin, Oxford/AstraZeneca, Sinopharm/Beijing",2022-10-02,"World Health Organization","https://covid19.who.int/",0,1,1,0,NA,NA,NA
"41","Cabo Verde","CPV","Africa",6970,2,2019,2021-03-24,2021-11-26,NA,2021-03-18,2021-03-18,6,107,253,NA,"Moderna, Oxford/AstraZeneca, Pfizer/BioNTech, Sinopharm/Beijing",2022-09-25,"World Health Organization","https://covid19.who.int/",1,1,1,0,NA,NA,NA
"42","Costa Rica","CRI","North America",21260,3,2019,2021-01-03,2021-09-27,2022-01-17,2020-12-24,2020-12-24,10,23,277,389,"Moderna, Oxford/AstraZeneca, Pfizer/BioNTech",2023-06-02,"Costa Rican Social Security Fund","https://covid19.who.int/",1,1,0,0,NA,NA,NA
"43","Curacao","CUW","North America",25750,3,2019,2021-03-29,2021-06-21,NA,NA,2021-03-29,NA,118,84,NA,"Moderna, Oxford/AstraZeneca, Pfizer/BioNTech",2023-05-12,"Government of Curacao","https://ais.paho.org/imm/IM_DosisAdmin-Vacunacion.asp",1,1,0,0,NA,NA,NA
"44","Cayman Islands","CYM","North America",55930,4,2019,2021-02-04,2021-04-20,2021-08-06,2021-01-15,2021-01-15,20,45,95,203,"Oxford/AstraZeneca, Pfizer/BioNTech",2023-04-21,"World Health Organization","https://covid19.who.int/",1,1,0,0,NA,NA,NA
"45","Cyprus","CYP","Europe",41660,4,2019,2021-01-06,2021-07-02,2022-01-31,2020-12-23,2020-12-23,14,22,191,404,"Johnson&Johnson, Moderna, Novavax, Oxford/AstraZeneca, Pfizer/BioNTech",2023-02-22,"Ministry of Health","https://www.moh.gov.cy/moh/moh.nsf/All/0EFA027144C9E54AC22586BE0032B2F5",1,1,0,1,NA,NA,NA
"46","Czechia","CZE","Europe",41530,4,2019,2020-12-27,2021-07-16,NA,2020-12-23,2020-12-23,4,22,205,NA,"Johnson&Johnson, Moderna, Novavax, Oxford/AstraZeneca, Pfizer/BioNTech, Sinovac",2023-09-16,"Ministry of Health","https://onemocneni-aktualne.mzcr.cz/covid-19",1,1,1,1,2021-12-12,4,354
"47","Germany","DEU","Europe",59260,4,2019,2020-12-27,2021-07-06,2021-12-18,2020-12-23,2020-12-23,4,22,195,360,"Johnson&Johnson, Moderna, Novavax, Oxford/AstraZeneca, Pfizer/BioNTech, Valneva",2023-04-07,"Robert Koch Institut","https://impfdashboard.de/",1,1,1,1,2021-09-09,1,260
"48","Djibouti","DJI","Africa",4820,1,2019,2021-04-17,NA,NA,2021-03-15,2021-03-15,33,104,NA,NA,"CanSino, Covaxin, Johnson&Johnson, Moderna, Oxford/AstraZeneca, Pfizer/BioNTech, Sinopharm/Beijing, Sinovac, Sputnik Light, Sputnik V",2023-10-08,"World Health Organization","https://covid19.who.int/",1,1,1,0,NA,NA,NA
"49","Dominica","DMA","North America",12720,2,2019,2021-02-23,2022-02-02,NA,2021-02-12,2021-02-12,11,73,355,NA,"Moderna, Oxford/AstraZeneca, Pfizer/BioNTech, Sinopharm/Beijing",2022-10-07,"Pan American Health Organization","https://ais.paho.org/imm/IM_DosisAdmin-Vacunacion.asp",1,1,1,0,NA,NA,NA
"50","Denmark","DNK","Europe",61830,4,2019,2021-01-01,2021-07-16,2021-09-03,2020-12-16,2020-12-16,16,15,212,261,"Johnson&Johnson, Moderna, Oxford/AstraZeneca, Pfizer/BioNTech",2023-09-01,"Statens Serum Institute","https://www.ecdc.europa.eu/en/publications-data/data-covid-19-vaccination-eu-eea",1,1,0,0,2021-03-09,8,83
"51","Dominican Republic","DOM","North America",18070,3,2019,2021-02-17,2021-08-18,NA,2021-02-16,2021-02-16,1,77,183,NA,"Oxford/AstraZeneca, Pfizer/BioNTech, Sinopharm/Beijing, Sinovac",2023-09-03,"Ministry of Public Health","https://vacunate.gob.do",1,1,1,0,NA,NA,NA
"52","Algeria","DZA","Africa",11820,2,2019,2021-02-19,NA,NA,2021-01-30,2021-01-30,20,60,NA,NA,"Oxford/AstraZeneca, Sinopharm/Beijing, Sinovac, Sputnik V",2022-09-04,"World Health Organization","https://covid19.who.int/",0,1,1,0,NA,NA,NA
"53","Ecuador","ECU","South America",11520,2,2019,2021-01-21,2021-08-23,2021-12-28,2021-01-20,2021-01-20,1,50,215,342,"CanSino, Oxford/AstraZeneca, Pfizer/BioNTech, Sinovac",2023-03-31,"Government of Ecuador via Ecuacovid","https://ais.paho.org/imm/IM_DosisAdmin-Vacunacion.asp",1,1,1,0,NA,NA,NA
"54","Egypt, Arab Rep.","EGY","Africa",11230,2,2019,2021-03-27,NA,NA,2021-01-24,2021-01-24,62,54,NA,NA,"CanSino, Covaxin, Johnson&Johnson, Moderna, Oxford/AstraZeneca, Pfizer/BioNTech, Sinopharm/Beijing, Sinovac, Sputnik Light, Sputnik V",2023-05-21,"World Health Organization","https://covid19.who.int/",1,1,1,0,2022-03-11,1,411
"55","Eritrea","ERI",NA,1610,1,2011,NA,NA,NA,NA,NA,NA,NA,NA,NA,NA,NA,NA,NA,NA,NA,NA,NA,NA,NA,NA
"56","Spain","ESP","Europe",43160,4,2019,2021-01-04,2021-07-04,2021-08-31,2020-12-30,2020-12-30,5,29,186,244,"Johnson&Johnson, Moderna, Oxford/AstraZeneca, Pfizer/BioNTech",2023-05-24,"Ministry of Health","https://www.sanidad.gob.es/profesionales/saludPublica/ccayes/alertasActual/nCov/documentos/Informe_Comunicacion_20230526.ods",1,1,0,0,2021-04-29,9,120
"57","Estonia","EST","Europe",38230,4,2019,2020-12-27,2021-07-19,NA,2020-12-23,2020-12-23,4,22,208,NA,"Johnson&Johnson, Moderna, Novavax, Oxford/AstraZeneca, Pfizer/BioNTech",2023-10-12,"National Health Board","https://opendata.digilugu.ee",1,1,0,1,NA,NA,NA
"58","Ethiopia","ETH","Africa",2260,1,2019,2021-04-08,NA,NA,2021-03-13,2021-03-13,26,102,NA,NA,"Covaxin, Johnson&Johnson, Oxford/AstraZeneca, Sinopharm/Beijing, Sinovac",2023-05-28,"World Health Organization","https://covid19.who.int/",0,1,1,0,NA,NA,NA
"59","Finland","FIN","Europe",52070,4,2019,2021-01-17,2021-08-15,2021-10-31,2020-12-23,2020-12-23,25,22,235,312,"Moderna, Oxford/AstraZeneca, Pfizer/BioNTech",2023-08-22,"Finnish Institute for Health and Welfare","https://sampo.thl.fi/pivot/prod/en/vaccreg/cov19cov/fact_cov19cov",1,1,0,0,2021-06-28,4,187
"60","Fiji","FJI","Oceania",12670,2,2019,2021-04-13,2021-09-21,NA,2021-03-07,2021-03-07,37,96,198,NA,"Moderna, Oxford/AstraZeneca, Pfizer/BioNTech",2023-05-01,"SPC Public Health Division","https://stats.pacificdata.org/vis?tm=covid&pg=0&df[ds]=SPC2&df[id]=DF_COVID_VACCINATION&df[ag]=SPC&df[vs]=1.0",1,1,0,0,NA,NA,NA
"61","France","FRA","Europe",51580,4,2019,2021-01-01,2021-07-15,2021-12-03,2020-12-23,2020-12-23,9,22,204,345,"Johnson&Johnson, Moderna, Novavax, Oxford/AstraZeneca, Pfizer/BioNTech, Sanofi/GSK",2023-07-10,"Public Health France","https://www.data.gouv.fr/fr/datasets/donnees-relatives-aux-personnes-vaccinees-contre-la-covid-19-1/",1,1,0,1,2021-07-31,6,220
"62","Gabon","GAB","Africa",13870,2,2019,2021-03-31,NA,NA,2021-03-23,2021-03-23,8,112,NA,NA,"Pfizer/BioNTech, Sinopharm/Beijing, Sputnik V",2023-02-05,"Africa Centres for Disease Control and Prevention","https://covid19.who.int/",1,1,1,0,NA,NA,NA
"63","United Kingdom","GBR","Europe",49370,4,2019,2021-01-10,2021-06-04,2021-12-23,2020-12-21,2020-12-21,20,20,165,367,"Moderna, Oxford/AstraZeneca, Pfizer/BioNTech",2022-09-11,"Government of the United Kingdom","https://coronavirus.data.gov.uk/details/vaccinations",1,1,0,0,2021-02-21,48,62
"64","Georgia","GEO","Asia",14930,3,2019,2021-03-29,NA,NA,2021-03-17,2021-03-17,12,106,NA,NA,"Oxford/AstraZeneca, Pfizer/BioNTech, Sinopharm/Beijing, Sinovac",2022-10-13,"National Center for Disease Control and Public Health","https://vaccines.ncdc.ge/vaccinationprocess/",1,1,1,0,NA,NA,NA
"65","Ghana","GHA","Africa",5340,2,2019,2021-03-08,NA,NA,2021-03-02,2021-03-02,6,91,NA,NA,"Oxford/AstraZeneca, Sputnik V",2023-07-02,"World Health Organization","https://covid19.who.int/",0,1,0,0,NA,NA,NA
"66","Guinea","GIN","Africa",2520,1,2019,2021-03-31,2023-09-24,NA,2021-03-05,2021-03-05,26,94,933,NA,"Johnson&Johnson, Oxford/AstraZeneca, Pfizer/BioNTech, Sinopharm/Beijing, Sinovac, Sputnik V",2023-04-02,"National Health Security Agency","https://covid19.who.int/",1,1,1,0,NA,NA,NA
"67","Gambia, The","GMB","Africa",2140,1,2019,2021-03-28,NA,NA,2021-03-10,2021-03-10,18,99,NA,NA,"Johnson&Johnson, Oxford/AstraZeneca, Sinopharm/Beijing",2023-03-19,"Africa Centres for Disease Control and Prevention","https://covid19.who.int/",0,1,1,0,NA,NA,NA
"68","Guinea-Bissau","GNB","Africa",2010,1,2019,2021-05-12,NA,NA,2021-04-02,2021-04-02,40,122,NA,NA,"Oxford/AstraZeneca, Sinopharm/Beijing",2023-06-04,"World Health Organization","https://covid19.who.int/",0,1,1,0,NA,NA,NA
"69","Equatorial Guinea","GNQ","Africa",12410,2,2019,2021-03-16,NA,NA,2021-02-12,2021-02-12,32,73,NA,NA,"Sinopharm/Beijing, Sinovac",2022-07-24,"World Health Organization","https://covid19.who.int/",0,0,1,0,NA,NA,NA
"70","Greece","GRC","Europe",30860,3,2019,2020-12-29,2021-07-09,2022-01-24,2020-12-23,2020-12-23,6,22,198,397,"Johnson&Johnson, Moderna, Novavax, Oxford/AstraZeneca, Pfizer/BioNTech",2023-10-17,"Ministry of Health","https://www.data.gov.gr/datasets/mdg_emvolio/",1,1,0,1,2022-01-29,1,402
"71","Grenada","GRD","North America",14510,3,2019,2021-02-16,NA,NA,2021-02-15,2021-02-15,1,76,NA,NA,"Johnson&Johnson, Moderna, Oxford/AstraZeneca, Pfizer/BioNTech",2023-03-17,"World Health Organization","https://ais.paho.org/imm/IM_DosisAdmin-Vacunacion.asp",1,1,0,0,NA,NA,NA
"72","Guatemala","GTM","North America",8870,2,2019,2021-02-27,NA,NA,2021-02-25,2021-02-25,2,86,NA,NA,"Moderna, Oxford/AstraZeneca, Pfizer/BioNTech, Sputnik V",2023-05-12,"Ministry of Health","https://ais.paho.org/imm/IM_DosisAdmin-Vacunacion.asp",1,1,0,0,NA,NA,NA
"73","Guyana","GUY","South America",13240,2,2019,2021-02-15,2022-02-19,NA,2021-02-11,2021-02-11,4,72,373,NA,"Johnson&Johnson, Moderna, Oxford/AstraZeneca, Pfizer/BioNTech, Sinopharm/Beijing, Sputnik V",2023-02-17,"Ministry of Health","https://ais.paho.org/imm/IM_DosisAdmin-Vacunacion.asp",1,1,1,0,NA,NA,NA
"74","Hong Kong SAR, China","HKG","Asia",65240,4,2019,2021-02-23,2021-08-19,2022-03-04,NA,2021-02-23,NA,84,177,374,"Pfizer/BioNTech, Sinovac",2023-08-31,"Food and Health Bureau","https://data.gov.hk/en-data/dataset/hk-fhb-fhbcovid19-vaccination-rates-over-time-by-age",1,0,1,0,2022-08-11,12,534
"75","Honduras","HND","North America",5390,2,2019,2021-02-28,2021-12-29,NA,2021-02-22,2021-02-22,6,83,310,NA,"Johnson&Johnson, Moderna, Oxford/AstraZeneca, Pfizer/BioNTech, Sputnik V",2023-06-02,"World Health Organization","https://covid19.who.int/",1,1,0,0,NA,NA,NA
"76","Croatia","HRV","Europe",31610,3,2019,2020-12-30,2021-09-01,NA,2020-12-23,2020-12-23,7,22,252,NA,"Johnson&Johnson, Moderna, Novavax, Oxford/AstraZeneca, Pfizer/BioNTech",2023-10-10,"Ministry of Health","https://www.koronavirus.hr",1,1,0,1,NA,NA,NA
"77","Haiti","HTI","North America",3240,1,2019,2021-07-21,NA,NA,NA,2021-07-21,NA,232,NA,NA,"Johnson&Johnson, Moderna",2023-06-02,"World Health Organization","https://covid19.who.int/",1,1,0,0,NA,NA,NA
"78","Hungary","HUN","Europe",33630,4,2019,2020-12-28,2021-06-05,NA,2020-12-23,2020-12-23,5,22,164,NA,"Johnson&Johnson, Moderna, Oxford/AstraZeneca, Pfizer/BioNTech, Sinopharm/Beijing, Sputnik V",2022-12-27,"Government of Hungary","https://koronavirus.gov.hu//cikkek/6-millio-421-ezer-beoltott-4-397-az-uj-fertozott-es-elhunyt-56-beteg",1,1,1,0,2021-11-24,3,336
"79","Indonesia","IDN","Asia",11980,2,2019,2021-01-22,2021-12-25,NA,2021-01-13,2021-01-13,9,43,346,NA,"Johnson&Johnson, Moderna, Novavax, Oxford/AstraZeneca, Pfizer/BioNTech, Sinopharm/Beijing, Sinovac",2023-06-06,"Government of Indonesia","https://covid19.who.int/",1,1,1,1,2022-02-03,1,386
"80","India","IND","Asia",6820,2,2019,2021-01-16,2021-12-24,NA,2021-01-16,2021-01-16,0,46,342,NA,"Corbevax, Covaxin, Novavax, Oxford/AstraZeneca, Sputnik V",2023-10-18,"Government of India","https://dashboard.cowin.gov.in/",0,1,1,1,2021-11-23,4,311
"81","Ireland","IRL","Europe",69600,4,2019,2020-12-28,2021-07-04,2021-09-06,2020-12-30,2020-12-28,-2,27,188,252,"Johnson&Johnson, Moderna, Novavax, Oxford/AstraZeneca, Pfizer/BioNTech",2023-08-28,"Heath Service Executive","https://covid19ireland-geohive.hub.arcgis.com/",1,1,0,1,NA,NA,NA
"82","Iran, Islamic Rep.","IRN","Asia",14710,3,2019,2021-02-17,2021-11-02,NA,2021-02-09,2021-02-09,8,70,266,NA,"COVIran Barekat, CanSino, Covaxin, Johnson&Johnson, Moderna, Oxford/AstraZeneca, Pfizer/BioNTech, Sinopharm/Beijing, Sinovac, Soberana02, Sputnik Light, Sputnik V",2023-08-15,"World Health Organization","https://covid19.who.int/",1,1,1,1,2022-12-23,1,682
"83","Iraq","IRQ","Asia",10680,2,2019,2021-03-29,NA,NA,2021-03-02,2021-03-02,27,91,NA,NA,"CanSino, Covaxin, Johnson&Johnson, Moderna, Oxford/AstraZeneca, Pfizer/BioNTech, Sinopharm/Beijing, Sinovac, Sputnik Light, Sputnik V",2023-01-02,"World Health Organization","https://covid19.who.int/",1,1,1,0,NA,NA,NA
"84","Iceland","ISL","Europe",59540,4,2019,2020-12-30,2021-06-17,2021-08-25,2020-12-30,2020-12-30,0,29,169,238,"Johnson&Johnson, Moderna, Oxford/AstraZeneca, Pfizer/BioNTech",2022-03-29,"Directorate of Health","https://www.covid.is/tolulegar-upplysingar-boluefni",1,1,0,0,NA,NA,NA
"85","Israel","ISR","Asia",40250,4,2019,2020-12-20,2021-03-07,NA,2020-12-16,2020-12-16,4,15,81,NA,"Moderna, Pfizer/BioNTech",2023-05-04,"Government of Israel","https://datadashboard.health.gov.il/COVID-19/general",1,0,0,0,2021-02-18,30,64
"86","Italy","ITA","Europe",46190,4,2019,2020-12-27,2021-07-12,2021-10-04,2020-12-23,2020-12-23,4,22,201,285,"Johnson&Johnson, Moderna, Novavax, Oxford/AstraZeneca, Pfizer/BioNTech, Sanofi/GSK",2023-10-17,"Extraordinary commissioner for the Covid-19 emergency","https://raw.githubusercontent.com/italia/covid19-opendata-vaccini/master/dati/somministrazioni-vaccini-latest.csv",1,1,0,1,2021-04-29,13,127
"87","Jamaica","JAM","North America",10380,2,2019,2021-03-14,NA,NA,2021-03-10,2021-03-10,4,99,NA,NA,"Johnson&Johnson, Moderna, Oxford/AstraZeneca, Pfizer/BioNTech",2023-10-03,"Ministry of Health","https://vaccination.moh.gov.jm",1,1,0,0,NA,NA,NA
"88","Jordan","JOR","Asia",9960,2,2019,2021-01-23,2022-06-27,NA,2021-01-13,2021-01-13,10,43,530,NA,"CanSino, Covaxin, Johnson&Johnson, Moderna, Oxford/AstraZeneca, Pfizer/BioNTech, Sinopharm/Beijing, Sinovac, Sputnik Light, Sputnik V",2022-08-21,"World Health Organization","https://covid19.who.int/",1,1,1,0,NA,NA,NA
"89","Japan","JPN","Asia",43970,4,2019,2021-02-22,2021-08-11,2021-10-16,2021-02-17,2021-02-17,5,78,175,241,"Moderna, Novavax, Oxford/AstraZeneca, Pfizer/BioNTech",2023-05-07,"Prime Minister's Office","https://www.kantei.go.jp/jp/headline/kansensho/vaccine.html",1,1,0,1,2022-08-03,5,532
"90","Kazakhstan","KAZ","Asia",24030,3,2019,2021-02-11,2021-11-12,NA,2021-04-07,2021-02-11,-55,72,274,NA,"QazVac, Sinopharm/Beijing, Sputnik V",2023-01-17,"Government of Kazakhstan","https://www.coronavirus2020.kz/",0,1,1,0,NA,NA,NA
"91","Kenya","KEN","Africa",4720,1,2019,2021-03-10,NA,NA,2021-03-05,2021-03-05,5,94,NA,NA,"Johnson&Johnson, Moderna, Oxford/AstraZeneca, Pfizer/BioNTech, Sinopharm/Beijing",2023-04-02,"World Health Organization","https://covid19.who.int/",1,1,1,0,NA,NA,NA
"92","Kyrgyz Republic","KGZ","Asia",5000,1,2019,2021-04-06,NA,NA,2021-03-31,2021-03-31,6,120,NA,NA,"Sinopharm/Beijing, Sputnik V",2023-09-08,"Ministry of Health","https://vc.emed.gov.kg/",0,1,1,0,NA,NA,NA
"93","Cambodia","KHM","Asia",4380,1,2019,2021-02-12,2021-08-12,2021-10-12,2021-02-10,2021-02-10,2,71,183,244,"Johnson&Johnson, Moderna, Oxford/AstraZeneca, Pfizer/BioNTech, Sinopharm/Beijing, Sinovac",2023-09-07,"World Health Organization","https://covid19.who.int/",1,1,1,0,NA,NA,NA
"94","Kiribati","KIR","Oceania",4350,1,2019,2021-08-09,2022-03-21,NA,2021-05-26,2021-05-26,75,176,299,NA,"Oxford/AstraZeneca",2023-02-20,"SPC Public Health Division","https://stats.pacificdata.org/vis?tm=covid&pg=0&df[ds]=SPC2&df[id]=DF_COVID_VACCINATION&df[ag]=SPC&df[vs]=1.0",0,1,0,0,NA,NA,NA
"95","St. Kitts and Nevis","KNA","North America",31850,3,2019,2021-03-16,2021-07-13,NA,2021-02-22,2021-02-22,22,83,141,NA,"Oxford/AstraZeneca, Pfizer/BioNTech",2022-12-07,"Pan American Health Organization","https://ais.paho.org/imm/IM_DosisAdmin-Vacunacion.asp",1,1,0,0,NA,NA,NA
"96","Korea, Rep.","KOR","Asia",43780,4,2019,2021-02-26,2021-09-15,2021-10-25,2021-02-26,2021-02-26,0,87,201,241,"Johnson&Johnson, Moderna, Novavax, Oxford/AstraZeneca, Pfizer/BioNTech",2023-05-26,"Korea Centers for Disease Control and Prevention","https://ncv.kdca.go.kr/",1,1,0,1,2022-08-17,3,537
"97","Kuwait","KWT","Asia",55930,4,2019,2020-12-28,2021-11-30,2021-11-30,2020-12-28,2020-12-28,0,27,337,337,"CanSino, Covaxin, Johnson&Johnson, Moderna, Oxford/AstraZeneca, Pfizer/BioNTech, Sinopharm/Beijing, Sinovac, Sputnik Light, Sputnik V",2023-10-08,"World Health Organization","https://covid19.who.int/",1,1,1,0,2021-07-29,2,213
"98","Lao PDR","LAO","Asia",7700,2,2019,2021-03-17,2021-11-23,NA,2020-11-25,2020-11-25,112,0,363,NA,"Johnson&Johnson, Oxford/AstraZeneca, Pfizer/BioNTech, Sinopharm/Beijing, Sinovac, Sputnik Light, Sputnik V",2022-08-11,"World Health Organization","https://www.covid19.gov.la/index.php",1,1,1,0,NA,NA,NA
"99","Lebanon","LBN","Asia",17420,3,2019,2021-02-15,2022-03-24,NA,2021-02-14,2021-02-14,1,75,403,NA,"CanSino, Covaxin, Johnson&Johnson, Moderna, Oxford/AstraZeneca, Pfizer/BioNTech, Sinopharm/Beijing, Sinovac, Sputnik Light, Sputnik V",2022-12-22,"World Health Organization","https://covid19.who.int/",1,1,1,0,2022-09-22,1,585
"100","Liberia","LBR","Africa",1360,1,2019,2021-05-12,2022-06-26,2022-12-11,2021-04-01,2021-04-01,41,121,451,619,"Oxford/AstraZeneca",2022-12-11,"World Health Organization","https://covid19.who.int/",0,1,0,0,NA,NA,NA
"101","Libya","LBY","Africa",23750,3,2019,2021-04-17,NA,NA,2021-04-11,2021-04-11,6,131,NA,NA,"CanSino, Covaxin, Johnson&Johnson, Moderna, Oxford/AstraZeneca, Pfizer/BioNTech, Sinopharm/Beijing, Sinovac, Sputnik Light, Sputnik V",2023-01-16,"World Health Organization","https://covid19.who.int/",1,1,1,0,NA,NA,NA
"102","St. Lucia","LCA","North America",15160,3,2019,2021-03-04,NA,NA,2021-02-17,2021-02-17,15,78,NA,NA,"Johnson&Johnson, Moderna, Oxford/AstraZeneca, Pfizer/BioNTech",2022-12-02,"Ministry of Health","https://ais.paho.org/imm/IM_DosisAdmin-Vacunacion.asp",1,1,0,0,NA,NA,NA
"103","Sri Lanka","LKA","Asia",13820,2,2019,2021-01-29,2021-09-03,NA,2021-01-29,2021-01-29,0,59,217,NA,"Moderna, Oxford/AstraZeneca, Pfizer/BioNTech, Sinopharm/Beijing, Sputnik V",2022-10-30,"Ministry of Health's Epidemiology Unit","https://covid19.who.int/",1,1,1,0,NA,NA,NA
"104","Lesotho","LSO","Africa",2990,1,2019,2021-04-17,2022-11-20,NA,2021-03-10,2021-03-10,38,99,620,NA,"Johnson&Johnson, Oxford/AstraZeneca, Sinopharm/Beijing",2023-03-19,"World Health Organization","https://covid19.who.int/",0,1,1,0,NA,NA,NA
"105","Lithuania","LTU","Europe",38520,4,2019,2020-12-27,2021-07-06,NA,2020-12-23,2020-12-23,4,22,195,NA,"Johnson&Johnson, Moderna, Novavax, Oxford/AstraZeneca, Pfizer/BioNTech",2023-10-18,"Ministry of Health","https://experience.arcgis.com/experience/cab84dcfe0464c2a8050a78f817924ca/page/page_3/",1,1,0,1,NA,NA,NA
"106","Luxembourg","LUX","Europe",79560,4,2019,2020-12-28,2023-06-11,2023-06-11,2020-12-30,2020-12-28,-2,27,895,895,"Johnson&Johnson, Moderna, Novavax, Oxford/AstraZeneca, Pfizer/BioNTech",2023-06-11,"Government of Luxembourg","https://covid19.who.int/",1,1,0,1,NA,NA,NA
"107","Latvia","LVA","Europe",32400,3,2019,2020-12-28,2021-08-24,2022-02-16,2020-12-30,2020-12-28,-2,27,239,415,"Johnson&Johnson, Moderna, Novavax, Oxford/AstraZeneca, Pfizer/BioNTech",2022-07-11,"National Health Service","https://data.gov.lv/dati/eng/dataset/covid19-vakcinacijas",1,1,0,1,NA,NA,NA
"108","Macao SAR, China","MAC","Asia",113540,4,2019,2021-02-09,2021-09-06,2022-02-21,NA,2021-02-09,NA,70,209,377,"Pfizer/BioNTech, Sinopharm/Beijing",2023-04-13,"Government of Macao","https://www.ssm.gov.mo/apps1/COVID19Case/en.aspx",1,0,1,0,NA,NA,NA
"109","Morocco","MAR","Africa",8440,2,2019,2021-01-30,2021-08-31,NA,2021-01-28,2021-01-28,2,58,215,NA,"CanSino, Covaxin, Johnson&Johnson, Moderna, Oxford/AstraZeneca, Pfizer/BioNTech, Sinopharm/Beijing, Sinovac, Sputnik Light, Sputnik V",2023-05-14,"World Health Organization","https://covid19.who.int/",1,1,1,0,2022-01-27,1,364
"110","Moldova","MDA","Europe",14290,2,2019,2021-03-05,NA,NA,2021-03-03,2021-03-03,2,92,NA,NA,"Johnson&Johnson, Moderna, Oxford/AstraZeneca, Pfizer/BioNTech, Sinopharm/Beijing, Sinovac, Sputnik V",2023-08-27,"Ministry of Health","https://covid19.who.int/",1,1,1,0,NA,NA,NA
"111","Madagascar","MDG","Africa",1590,1,2019,2021-05-18,NA,NA,2021-05-10,2021-05-10,8,160,NA,NA,"Johnson&Johnson, Oxford/AstraZeneca, Sinopharm/Beijing",2023-07-30,"World Health Organization","https://covid19.who.int/",0,1,1,0,NA,NA,NA
"112","Maldives","MDV","Asia",19300,3,2019,2021-02-02,2021-07-07,2021-12-22,2021-02-01,2021-02-01,1,62,156,324,"Johnson&Johnson, Moderna, Oxford/AstraZeneca, Pfizer/BioNTech, Sinopharm/Beijing, Sinovac, Sputnik V",2023-05-25,"World Health Organization","https://covid19.who.int/",1,1,1,0,NA,NA,NA
"113","Mexico","MEX","North America",19630,3,2019,2020-12-27,2021-10-18,NA,2020-12-24,2020-12-24,3,23,298,NA,"CanSino, Johnson&Johnson, Moderna, Oxford/AstraZeneca, Pfizer/BioNTech, Sinovac, Sputnik V",2022-11-18,"World Health Organization","https://ais.paho.org/imm/IM_DosisAdmin-Vacunacion.asp",1,1,1,0,2022-04-17,3,479
"114","North Macedonia","MKD","Europe",17180,3,2019,2021-03-16,2022-06-19,NA,2021-02-17,2021-02-17,27,78,487,NA,"Moderna, Oxford/AstraZeneca, Pfizer/BioNTech, Sinopharm/Beijing, Sinopharm/Wuhan, Sinovac, Sputnik V",2023-05-07,"World Health Organization","https://covid19.who.int/",1,1,1,0,NA,NA,NA
"115","Mali","MLI","Africa",2220,1,2019,2021-04-12,NA,NA,2021-03-31,2021-03-31,12,120,NA,NA,"Oxford/AstraZeneca",2023-05-14,"World Health Organization","https://covid19.who.int/",0,1,0,0,NA,NA,NA
"116","Malta","MLT","Europe",45150,4,2019,2021-01-17,2021-06-01,2021-07-27,2020-12-23,2020-12-23,25,22,160,216,"Johnson&Johnson, Moderna, Oxford/AstraZeneca, Pfizer/BioNTech",2023-10-17,"COVID-19 Malta Public Health Response Team","https://github.com/COVID19-Malta/COVID19-Cases",1,1,0,0,NA,NA,NA
"117","Myanmar","MMR","Asia",4860,1,2019,2021-01-27,2022-03-22,NA,2021-01-27,2021-01-27,0,57,419,NA,"Oxford/AstraZeneca, Sinopharm/Beijing",2023-05-02,"World Health Organization","https://covid19.who.int/",0,1,1,0,NA,NA,NA
"118","Montenegro","MNE","Europe",24060,3,2019,2021-02-25,2021-11-20,NA,2021-02-24,2021-02-24,1,85,269,NA,"Oxford/AstraZeneca, Pfizer/BioNTech, Sinopharm/Beijing, Sputnik V",2022-08-26,"Government of Montenegro","https://www.covidodgovor.me/",1,1,1,0,NA,NA,NA
"119","Mongolia","MNG","Asia",11550,2,2019,2021-02-25,2021-06-02,NA,2021-02-23,2021-02-23,2,84,99,NA,"Oxford/AstraZeneca, Pfizer/BioNTech, Sinopharm/Beijing, Sputnik V",2022-05-18,"Ministry of Health via ikon.mn","https://ikon.mn/",1,1,1,0,NA,NA,NA
"120","Mozambique","MOZ","Africa",1320,1,2019,2021-03-13,2022-10-16,NA,2021-03-08,2021-03-08,5,97,587,NA,"Johnson&Johnson, Oxford/AstraZeneca, Sinopharm/Beijing",2023-07-02,"World Health Organization","https://covid19.who.int/",0,1,1,0,NA,NA,NA
"121","Mauritania","MRT","Africa",5670,2,2019,2021-04-01,NA,NA,2021-03-26,2021-03-26,6,115,NA,NA,"Oxford/AstraZeneca, Sinopharm/Beijing",2023-08-20,"Africa Centres for Disease Control and Prevention","https://covid19.who.int/",0,1,1,0,NA,NA,NA
"122","Mauritius","MUS","Africa",25260,3,2019,2021-02-01,2021-07-26,2021-12-28,2021-01-26,2021-01-26,6,56,181,336,"Covaxin, Oxford/AstraZeneca, Sinopharm/Beijing",2023-07-30,"World Health Organization","https://covid19.who.int/",0,1,1,0,NA,NA,NA
"123","Malawi","MWI","Africa",1560,1,2019,2021-03-17,NA,NA,2021-03-11,2021-03-11,6,100,NA,NA,"Johnson&Johnson, Oxford/AstraZeneca",2023-07-02,"World Health Organization","https://covid19.who.int/",0,1,0,0,NA,NA,NA
"124","Malaysia","MYS","Asia",28090,3,2019,2021-02-26,2021-08-24,2021-10-21,2021-02-24,2021-02-24,2,85,181,239,"CanSino, Oxford/AstraZeneca, Pfizer/BioNTech, Sinopharm/Beijing, Sinovac",2023-10-18,"Government of Malaysia","https://github.com/MoH-Malaysia/covid19-public",1,1,1,0,2022-01-16,3,326
"125","Namibia","NAM","Africa",10180,2,2019,2021-03-25,NA,NA,2021-03-19,2021-03-19,6,108,NA,NA,"Johnson&Johnson, Oxford/AstraZeneca, Pfizer/BioNTech, Sinopharm/Beijing",2023-09-10,"Africa Centres for Disease Control and Prevention","https://covid19.who.int/",1,1,1,0,NA,NA,NA
"126","Niger","NER","Africa",1320,1,2019,2021-04-17,NA,NA,2021-03-29,2021-03-29,19,118,NA,NA,"Oxford/AstraZeneca, Sinopharm/Beijing",2023-07-30,"World Health Organization","https://covid19.who.int/",0,1,1,0,NA,NA,NA
"127","Nigeria","NGA","Africa",5120,1,2019,2021-03-24,NA,NA,2021-03-05,2021-03-05,19,94,NA,NA,"Oxford/AstraZeneca",2023-09-17,"World Health Organization","https://covid19.who.int/",0,1,0,0,NA,NA,NA
"128","Nicaragua","NIC","North America",5370,2,2019,2021-04-14,2021-12-29,2022-06-03,2021-03-03,2021-03-03,42,92,301,457,"Abdala, Johnson&Johnson, Moderna, Oxford/AstraZeneca, Pfizer/BioNTech, Sinopharm/Beijing, Soberana02, Sputnik Light, Sputnik V",2023-06-02,"World Health Organization","https://covid19.who.int/",1,1,1,1,NA,NA,NA
"129","Netherlands","NLD","Europe",60460,4,2019,2021-01-08,2021-07-16,NA,2020-12-30,2020-12-30,9,29,198,NA,"Johnson&Johnson, Moderna, Novavax, Oxford/AstraZeneca, Pfizer/BioNTech",2023-09-01,"European CDC, via Marino van Zelst","https://www.ecdc.europa.eu/en/publications-data/data-covid-19-vaccination-eu-eea",1,1,0,1,2021-08-05,2,218
"130","Norway","NOR","Europe",71400,4,2019,2020-12-28,2021-08-12,2021-11-18,2020-12-23,2020-12-23,5,22,232,330,"Moderna, Pfizer/BioNTech",2022-11-13,"Norwegian Institute of Public Health","https://github.com/folkehelseinstituttet/surveillance_data",1,0,0,0,2022-03-25,4,457
"131","Nepal","NPL","Asia",4130,1,2019,2021-02-01,2022-01-24,2022-08-29,2021-01-27,2021-01-27,5,57,362,579,"Covaxin, Johnson&Johnson, Moderna, Oxford/AstraZeneca, Pfizer/BioNTech, Sinopharm/Beijing, Sputnik V",2023-06-20,"World Health Organization","https://covid19.who.int/",1,1,1,0,NA,NA,NA
"132","Nauru","NRU","Oceania",17960,3,2019,2021-04-09,2021-07-20,2023-02-20,2021-04-09,2021-04-09,0,129,102,682,"Oxford/AstraZeneca",2023-02-20,"World Health Organization","https://stats.pacificdata.org/vis?tm=covid&pg=0&df[ds]=SPC2&df[id]=DF_COVID_VACCINATION&df[ag]=SPC&df[vs]=1.0",0,1,0,0,NA,NA,NA
"133","New Zealand","NZL","Oceania",44790,4,2019,2021-02-22,2021-10-05,2021-12-01,2021-02-19,2021-02-19,3,80,228,285,"Novavax, Oxford/AstraZeneca, Pfizer/BioNTech",2023-04-04,"Ministry of Health","https://www.health.govt.nz/our-work/diseases-and-conditions/covid-19-novel-coronavirus/covid-19-data-and-statistics/covid-19-vaccine-data",1,1,0,1,NA,NA,NA
"134","Oman","OMN","Asia",32880,4,2019,2020-12-28,2021-09-28,NA,2020-12-29,2020-12-28,-1,27,274,NA,"CanSino, Covaxin, Johnson&Johnson, Moderna, Oxford/AstraZeneca, Pfizer/BioNTech, Sinopharm/Beijing, Sinovac, Sputnik Light, Sputnik V",2022-10-25,"World Health Organization","https://covid19.who.int/",1,1,1,0,NA,NA,NA
"135","Pakistan","PAK","Asia",5280,2,2019,2021-02-10,2022-02-16,NA,2021-02-03,2021-02-03,7,64,378,NA,"CanSino, Covaxin, Johnson&Johnson, Moderna, Oxford/AstraZeneca, Pfizer/BioNTech, Sinopharm/Beijing, Sinovac, Sputnik Light, Sputnik V",2023-09-26,"National Command and Operation Centre","https://covid19.who.int/",1,1,1,0,NA,NA,NA
"136","Panama","PAN","North America",30750,3,2019,2021-01-20,2021-09-05,2022-05-13,2021-01-20,2021-01-20,0,50,228,478,"Oxford/AstraZeneca, Pfizer/BioNTech",2023-05-12,"Pan American Health Organization","https://ais.paho.org/imm/IM_DosisAdmin-Vacunacion.asp",1,1,0,0,NA,NA,NA
"137","Peru","PER","South America",12790,2,2019,2021-02-09,2021-10-10,2022-02-15,2021-02-09,2021-02-09,0,70,243,371,"Moderna, Oxford/AstraZeneca, Pfizer/BioNTech, Sinopharm/Beijing",2023-10-12,"Ministerio de Salud via github.com/jmcastagnetto/covid-19-peru-vacunas","https://www.datosabiertos.gob.pe/dataset/vacunacion",1,1,1,0,NA,NA,NA
"138","Philippines","PHL","Asia",10010,2,2019,2021-03-04,2021-12-26,NA,2021-03-01,2021-03-01,3,90,300,NA,"Covaxin, Johnson&Johnson, Moderna, Novavax, Oxford/AstraZeneca, Pfizer/BioNTech, Sinopharm/Beijing, Sinovac, Sputnik Light, Sputnik V",2023-03-19,"Department of Health via ABS-CBN Investigative and Research Group","https://covid19.who.int/",1,1,1,1,NA,NA,NA
"139","Palau","PLW",NA,19520,3,2019,NA,NA,NA,2021-01-03,2021-01-03,NA,33,NA,NA,NA,NA,NA,NA,NA,NA,NA,NA,NA,NA,NA
"140","Papua New Guinea","PNG","Oceania",3940,1,2019,2021-04-20,NA,NA,2021-03-30,2021-03-30,21,119,NA,NA,"Oxford/AstraZeneca",2023-05-01,"SPC Public Health Division","https://stats.pacificdata.org/vis?tm=covid&pg=0&df[ds]=SPC2&df[id]=DF_COVID_VACCINATION&df[ag]=SPC&df[vs]=1.0",0,1,0,0,NA,NA,NA
"141","Poland","POL","Europe",33510,4,2019,2020-12-28,2021-07-17,NA,2020-12-23,2020-12-23,5,22,206,NA,"Johnson&Johnson, Moderna, Novavax, Oxford/AstraZeneca, Pfizer/BioNTech",2023-10-17,"Ministry of Health","https://www.gov.pl/web/szczepimysie/raport-szczepien-przeciwko-covid-19",1,1,0,1,NA,NA,NA
"142","Portugal","PRT","Europe",36330,4,2019,2021-01-01,2021-07-09,2021-08-27,2020-12-23,2020-12-23,9,22,198,247,"Covaxin, Johnson&Johnson, Moderna, Novavax, Oxford/AstraZeneca, Pfizer/BioNTech, Sanofi/GSK, Sinopharm/Beijing, Sinovac",2023-09-01,"World Health Organization","https://www.ecdc.europa.eu/en/publications-data/data-covid-19-vaccination-eu-eea",1,1,1,1,2021-09-13,2,264
"143","Paraguay","PRY","South America",13770,2,2019,2021-02-23,2021-12-10,NA,2021-02-22,2021-02-22,1,83,291,NA,"Covaxin, Moderna, Oxford/AstraZeneca, Pfizer/BioNTech, Sinopharm/Beijing, Sinovac, Sputnik V",2023-05-12,"Pan American Health Organization","https://ais.paho.org/imm/IM_DosisAdmin-Vacunacion.asp",1,1,1,0,2022-03-22,3,393
"144","West Bank and Gaza","PSE","Asia",7660,2,2019,2021-03-30,NA,NA,2021-02-02,2021-02-02,56,63,NA,NA,"CanSino, Covaxin, Johnson&Johnson, Moderna, Oxford/AstraZeneca, Pfizer/BioNTech, Sinopharm/Beijing, Sinovac, Sputnik Light, Sputnik V",2022-10-18,"World Health Organization","https://covid19.who.int/",1,1,1,0,NA,NA,NA
"145","Qatar","QAT","Asia",92300,4,2019,2021-01-28,2021-05-31,2021-08-16,NA,2021-01-28,NA,58,123,200,"CanSino, Covaxin, Johnson&Johnson, Moderna, Oxford/AstraZeneca, Pfizer/BioNTech, Sinopharm/Beijing, Sinovac, Sputnik Light, Sputnik V",2023-05-07,"Ministry of Public Health","https://covid19.who.int/",1,1,1,0,2021-06-22,16,145
"146","Romania","ROU","Europe",32600,3,2019,2020-12-28,2022-01-07,NA,2021-01-27,2020-12-28,-30,27,375,NA,"Johnson&Johnson, Moderna, Oxford/AstraZeneca, Pfizer/BioNTech",2023-08-27,"Government of Romania via datelazi.ro","https://covid19.who.int/",1,1,0,0,NA,NA,NA
"147","Russian Federation","RUS","Europe",29120,3,2019,2020-12-15,2021-12-04,NA,NA,2020-12-15,NA,14,354,NA,"EpiVacCorona, Sputnik V",2023-09-27,"Official data from local governments via gogov.ru","https://gogov.ru/articles/covid-v-stats",0,1,0,1,NA,NA,NA
"148","Rwanda","RWA","Africa",2210,1,2019,2021-03-05,2022-01-27,2023-01-01,2021-03-05,2021-03-05,0,94,328,667,"Johnson&Johnson, Moderna, Oxford/AstraZeneca, Pfizer/BioNTech, Sinopharm/Beijing, Sinovac, Sputnik V",2023-06-04,"World Health Organization","https://covid19.who.int/",1,1,1,0,NA,NA,NA
"149","Saudi Arabia","SAU","Asia",47310,4,2019,2021-01-06,2021-08-30,NA,2021-01-06,2021-01-06,0,36,236,NA,"Oxford/AstraZeneca, Pfizer/BioNTech",2023-04-25,"Saudi Health Council","https://covid19.who.int/",1,1,0,0,NA,NA,NA
"150","Sudan","SDN","Africa",4090,1,2019,2021-04-05,NA,NA,2021-03-09,2021-03-09,27,98,NA,NA,"CanSino, Covaxin, Johnson&Johnson, Moderna, Oxford/AstraZeneca, Pfizer/BioNTech, Sinopharm/Beijing, Sinovac, Sputnik Light, Sputnik V",2023-04-02,"World Health Organization","https://covid19.who.int/",1,1,1,0,NA,NA,NA
"151","Senegal","SEN","Africa",3480,1,2019,2021-02-24,NA,NA,2021-02-23,2021-02-23,1,84,NA,NA,"Johnson&Johnson, Oxford/AstraZeneca, Sinopharm/Beijing",2023-09-10,"World Health Organization","https://covid19.who.int/",0,1,1,0,NA,NA,NA
"152","Singapore","SGP","Asia",89630,4,2019,2020-12-30,2021-07-10,2021-08-14,2020-12-30,2020-12-30,0,29,192,227,"Moderna, Novavax, Pfizer/BioNTech, Sinopharm/Beijing, Sinovac",2023-01-31,"Government of Singapore","https://data.gov.sg/dataset/covid-19-vaccination",1,0,1,1,2021-11-01,5,306
"153","Solomon Islands","SLB","Oceania",2700,1,2019,2021-04-13,NA,NA,2021-03-23,2021-03-23,21,112,NA,NA,"Oxford/AstraZeneca",2022-10-31,"SPC Public Health Division","https://stats.pacificdata.org/vis?tm=covid&pg=0&df[ds]=SPC2&df[id]=DF_COVID_VACCINATION&df[ag]=SPC&df[vs]=1.0",0,1,0,0,NA,NA,NA
"154","Sierra Leone","SLE","Africa",1700,1,2019,2021-03-25,2022-12-18,NA,2021-03-15,2021-03-15,10,104,643,NA,"Oxford/AstraZeneca, Sinopharm/Beijing",2023-07-30,"World Health Organization","https://covid19.who.int/",0,1,1,0,NA,NA,NA
"155","El Salvador","SLV","North America",8930,2,2019,2021-02-22,2021-08-27,NA,2021-02-17,2021-02-17,5,78,191,NA,"Oxford/AstraZeneca, Pfizer/BioNTech, Sinopharm/Beijing, Sinovac",2022-10-02,"Ministry of Health","https://covid19.gob.sv/",1,1,1,0,NA,NA,NA
"156","San Marino","SMR","Europe",57320,4,2019,2021-02-27,2021-05-23,2022-03-20,2021-02-24,2021-02-24,3,85,88,389,"Pfizer/BioNTech, Sputnik V",2022-05-22,"World Health Organization","https://covid19.who.int/",1,1,0,0,2022-07-04,1,495
"157","Somalia","SOM","Africa",1180,1,2019,2021-04-17,2023-07-25,NA,2021-03-16,2021-03-16,32,105,861,NA,"CanSino, Covaxin, Johnson&Johnson, Moderna, Oxford/AstraZeneca, Pfizer/BioNTech, Sinopharm/Beijing, Sinovac, Sputnik Light, Sputnik V",2023-07-25,"World Health Organization","https://covid19.who.int/",1,1,1,0,NA,NA,NA
"158","Serbia","SRB","Europe",18360,3,2019,2021-01-08,2021-08-12,NA,2020-12-23,2020-12-23,16,22,232,NA,"Oxford/AstraZeneca, Pfizer/BioNTech, Sinopharm/Beijing, Sputnik V",2022-06-23,"Government of Serbia","https://vakcinacija.gov.rs/",1,1,1,0,NA,NA,NA
"159","South Sudan","SSD","Africa",1040,1,2015,2021-04-15,NA,NA,2021-04-06,2021-04-06,9,126,NA,NA,"Johnson&Johnson, Oxford/AstraZeneca",2023-09-17,"World Health Organization","https://covid19.who.int/",0,1,0,0,NA,NA,NA
"160","Sao Tome and Principe","STP","Africa",4170,1,2019,2021-03-22,2022-06-05,NA,2021-03-15,2021-03-15,7,104,447,NA,"Oxford/AstraZeneca",2023-07-30,"World Health Organization","https://covid19.who.int/",0,1,0,0,NA,NA,NA
"161","Suriname","SUR","South America",17260,3,2019,2021-03-19,NA,NA,2021-02-23,2021-02-23,24,84,NA,NA,"Oxford/AstraZeneca, Pfizer/BioNTech, Sinopharm/Beijing",2022-05-23,"Government of Suriname","https://laatjevaccineren.sr/",1,1,1,0,NA,NA,NA
"162","Slovak Republic","SVK","Europe",32740,3,2019,2021-01-03,2021-08-29,NA,2020-12-23,2020-12-23,11,22,249,NA,"Johnson&Johnson, Moderna, Novavax, Oxford/AstraZeneca, Pfizer/BioNTech, Sputnik V",2022-07-31,"Ministry of Health","https://github.com/Institut-Zdravotnych-Analyz/covid19-data/raw/main/Vaccination/OpenData_Slovakia_Vaccination_AgeGroup_District.csv",1,1,0,1,NA,NA,NA
"163","Slovenia","SVN","Europe",41340,4,2019,2020-12-27,2021-08-04,NA,2020-12-23,2020-12-23,4,22,224,NA,"Johnson&Johnson, Moderna, Novavax, Oxford/AstraZeneca, Pfizer/BioNTech",2022-07-06,"National Institute of Public Health via covid-19.sledilnik.org","https://covid-19.sledilnik.org/sl/stats",1,1,0,1,NA,NA,NA
"164","Sweden","SWE","Europe",58060,4,2019,2021-01-03,2021-08-08,2022-01-23,2020-12-23,2020-12-23,11,22,228,396,"Moderna, Novavax, Oxford/AstraZeneca, Pfizer/BioNTech",2023-10-08,"Public Health Agency of Sweden","https://www.fohm.se/folkhalsorapportering-statistik/statistikdatabaser-och-visualisering/vaccinationsstatistik/statistik-for-vaccination-mot-covid-19/",1,1,0,1,2021-04-21,6,119
"165","Eswatini","SWZ","Africa",7970,2,2019,2021-04-05,NA,NA,2021-03-19,2021-03-19,17,108,NA,NA,"Johnson&Johnson, Oxford/AstraZeneca, Pfizer/BioNTech",2023-06-04,"World Health Organization","https://covid19.who.int/",1,1,0,0,NA,NA,NA
"166","Sint Maarten (Dutch part)","SXM","North America",35180,4,2018,2021-05-07,2021-07-02,NA,NA,2021-05-07,NA,157,56,NA,"Moderna, Oxford/AstraZeneca, Pfizer/BioNTech",2023-03-31,"World Health Organization","https://covid19.who.int/",1,1,0,0,NA,NA,NA
"167","Seychelles","SYC","Africa",28650,3,2019,2021-01-13,2021-04-10,2021-10-25,2021-01-10,2021-01-10,3,40,90,288,"Oxford/AstraZeneca, Sinopharm/Beijing, Sputnik V",2023-04-09,"World Health Organization","https://covid19.who.int/",0,1,1,0,NA,NA,NA
"168","Turks and Caicos Islands","TCA","North America",26150,3,2019,2021-03-29,2021-07-02,NA,2021-01-11,2021-01-11,77,41,172,NA,"Pfizer/BioNTech",2023-01-06,"World Health Organization","https://covid19.who.int/",1,0,0,0,NA,NA,NA
"169","Chad","TCD","Africa",1600,1,2019,2021-06-10,NA,NA,2021-06-04,2021-06-04,6,185,NA,NA,"Sinopharm/Beijing",2023-08-13,"Africa Centres for Disease Control and Prevention","https://covid19.who.int/",0,0,1,0,NA,NA,NA
"170","Togo","TGO","Africa",2170,1,2019,2021-03-24,NA,NA,2021-03-10,2021-03-10,14,99,NA,NA,"Oxford/AstraZeneca",2023-09-03,"World Health Organization","https://covid19.who.int/",0,1,0,0,NA,NA,NA
"171","Thailand","THA","Asia",18070,3,2019,2021-03-02,2021-10-26,2022-03-30,2021-02-28,2021-02-28,2,89,240,395,"Moderna, Oxford/AstraZeneca, Pfizer/BioNTech, Sinopharm/Beijing, Sinovac",2022-09-30,"Government of Thailand","https://ddc.moph.go.th/covid19-dashboard/",1,1,1,0,2022-02-03,4,340
"172","Tajikistan","TJK","Asia",4320,1,2019,2021-05-07,2022-02-20,NA,2021-03-24,2021-03-24,44,113,333,NA,"Moderna, Oxford/AstraZeneca, Pfizer/BioNTech, Sinovac, Sputnik V",2023-06-04,"World Health Organization","https://covid19.who.int/",1,1,1,0,NA,NA,NA
"173","Turkmenistan","TKM","Asia",15050,3,2019,2021-02-28,2022-03-06,2023-08-06,2021-02-24,2021-02-24,4,85,375,893,"EpiVacCorona, Oxford/AstraZeneca, QazVac, Sinopharm/Beijing, Sputnik V, ZF2001",2023-08-06,"World Health Organization","https://covid19.who.int/",0,1,1,1,NA,NA,NA
"174","Timor-Leste","TLS","Asia",5240,2,2019,2021-04-14,2022-01-04,NA,2021-04-07,2021-04-07,7,127,272,NA,"Oxford/AstraZeneca, Pfizer/BioNTech, Sinovac",2023-06-26,"World Health Organization","https://covid19.who.int/",1,1,1,0,NA,NA,NA
"175","Tonga","TON","Oceania",7150,2,2019,2021-04-20,2021-11-22,2022-07-25,2021-04-14,2021-04-14,6,134,222,467,"Oxford/AstraZeneca",2023-04-11,"SPC Public Health Division","https://stats.pacificdata.org/vis?tm=covid&pg=0&df[ds]=SPC2&df[id]=DF_COVID_VACCINATION&df[ag]=SPC&df[vs]=1.0",0,1,0,0,NA,NA,NA
"176","Trinidad and Tobago","TTO","North America",25700,3,2019,2021-02-22,2021-11-06,NA,2021-02-17,2021-02-17,5,78,262,NA,"Johnson&Johnson, Oxford/AstraZeneca, Pfizer/BioNTech, Sinopharm/Beijing",2022-09-21,"Ministry of Health","https://services3.arcgis.com/x3I4DqUw3b3MfTwQ/arcgis/rest/services/service_7a519502598f492a9094fd0ad503cf80/FeatureServer/0/query",1,1,1,0,NA,NA,NA
"177","Tunisia","TUN","Africa",11250,2,2019,2021-03-13,2021-11-22,NA,2021-03-13,2021-03-13,0,102,254,NA,"CanSino, Covaxin, Johnson&Johnson, Moderna, Oxford/AstraZeneca, Pfizer/BioNTech, Sinopharm/Beijing, Sinovac, Sputnik Light, Sputnik V",2023-06-20,"World Health Organization","https://covid19.who.int/",1,1,1,0,NA,NA,NA
"178","Turkiye","TUR","Asia",27240,3,2019,2021-01-14,2021-08-19,NA,NA,2021-01-14,NA,44,217,NA,"Pfizer/BioNTech, Sinovac, Turkovac",2022-11-22,"COVID-19 Vaccine Information Platform","https://covid19asi.saglik.gov.tr/",1,0,1,0,2022-03-19,3,429
"179","Tuvalu","TUV","Oceania",6690,2,2019,2021-04-27,2021-09-10,2022-07-21,2021-04-13,2021-04-13,14,133,150,464,"Oxford/AstraZeneca",2023-02-01,"World Health Organization","https://covid19.who.int/",0,1,0,0,NA,NA,NA
"180","Tanzania","TZA","Africa",2720,1,2019,2021-08-08,2022-11-27,NA,2021-07-28,2021-07-28,11,239,487,NA,"Johnson&Johnson, Pfizer/BioNTech, Sinopharm/Beijing",2023-03-12,"World Health Organization","https://covid19.who.int/",1,1,1,0,NA,NA,NA
"181","Uganda","UGA","Africa",2120,1,2019,2021-03-15,NA,NA,2021-03-10,2021-03-10,5,99,NA,NA,"Johnson&Johnson, Moderna, Oxford/AstraZeneca, Pfizer/BioNTech, Sinovac",2023-05-28,"World Health Organization","https://covid19.who.int/",1,1,1,0,NA,NA,NA
"182","Ukraine","UKR","Europe",13510,2,2019,2021-02-26,NA,NA,2021-02-24,2021-02-24,2,85,NA,NA,"Johnson&Johnson, Moderna, Oxford/AstraZeneca, Pfizer/BioNTech, Sinovac",2022-02-27,"Ministry of Health","https://covid19.who.int/",1,1,1,0,NA,NA,NA
"183","Uruguay","URY","South America",23070,3,2019,2021-02-27,2021-06-18,2021-08-12,2021-02-27,2021-02-27,0,88,111,166,"Oxford/AstraZeneca, Pfizer/BioNTech, Sinovac",2023-10-18,"Ministry of Health via vacuna.uy","https://monitor.uruguaysevacuna.gub.uy/",1,1,1,0,NA,NA,NA
"184","United States","USA","North America",66120,4,2019,2020-12-13,2021-05-14,NA,2020-12-14,2020-12-13,-1,12,152,NA,"Johnson&Johnson, Moderna, Novavax, Pfizer/BioNTech",2023-05-09,"Centers for Disease Control and Prevention","https://data.cdc.gov/Vaccinations/COVID-19-Vaccination-Trends-in-the-United-States-N/rh2h-3yt2",1,1,0,1,2021-02-18,135,67
"185","Uzbekistan","UZB","Asia",7750,2,2019,2021-04-06,2022-03-13,NA,2021-04-28,2021-04-06,-22,126,341,NA,"Johnson&Johnson, Moderna, Oxford/AstraZeneca, Pfizer/BioNTech, Sinovac, Sputnik Light, Sputnik V, ZF2001",2023-08-13,"World Health Organization","https://covid19.who.int/",1,1,1,1,NA,NA,NA
"186","St. Vincent and the Grenadines","VCT","North America",14670,3,2019,2021-03-17,NA,NA,2021-02-01,2021-02-01,44,62,NA,NA,"Oxford/AstraZeneca, Pfizer/BioNTech, Sputnik Light, Sputnik V",2023-04-21,"World Health Organization","https://covid19.who.int/",1,1,0,0,NA,NA,NA
"187","Venezuela, RB","VEN","South America",16960,3,2011,2021-03-04,2021-12-17,NA,2021-02-22,2021-02-22,10,83,298,NA,"Abdala, Sinopharm/Beijing, Sinovac, Soberana02, Sputnik Light, Sputnik V",2022-12-07,"Pan American Health Organization","https://ais.paho.org/imm/IM_DosisAdmin-Vacunacion.asp",0,1,1,1,NA,NA,NA
"188","Vietnam","VNM","Asia",10150,2,2019,2021-03-12,2021-12-02,2022-01-13,2021-03-08,2021-03-08,4,97,269,311,"Abdala, Moderna, Oxford/AstraZeneca, Pfizer/BioNTech, Sinopharm/Beijing, Sputnik V",2023-06-30,"World Health Organization","https://covid19.who.int/",1,1,1,1,NA,NA,NA
"189","Vanuatu","VUT","Oceania",3470,1,2019,2021-06-03,2022-10-17,NA,2021-06-02,2021-06-02,1,183,502,NA,"Oxford/AstraZeneca",2023-02-20,"SPC Public Health Division","https://stats.pacificdata.org/vis?tm=covid&pg=0&df[ds]=SPC2&df[id]=DF_COVID_VACCINATION&df[ag]=SPC&df[vs]=1.0",0,1,0,0,NA,NA,NA
"190","Samoa","WSM","Oceania",6350,2,2019,2021-05-04,2021-11-30,2022-05-02,2021-04-18,2021-04-18,16,138,226,379,"Oxford/AstraZeneca",2023-04-17,"SPC Public Health Division","https://stats.pacificdata.org/vis?tm=covid&pg=0&df[ds]=SPC2&df[id]=DF_COVID_VACCINATION&df[ag]=SPC&df[vs]=1.0",0,1,0,0,NA,NA,NA
"191","Kosovo",NA,NA,12060,2,2019,NA,NA,NA,2021-03-31,2021-03-31,NA,120,NA,NA,NA,NA,NA,NA,NA,NA,NA,NA,NA,NA,NA
"192","Yemen, Rep.","YEM","Asia",3280,1,2013,2021-05-09,NA,NA,2021-04-20,2021-04-20,19,140,NA,NA,"CanSino, Covaxin, Johnson&Johnson, Moderna, Oxford/AstraZeneca, Pfizer/BioNTech, Sinopharm/Beijing, Sinovac, Sputnik Light, Sputnik V",2023-09-17,"World Health Organization","https://covid19.who.int/",1,1,1,0,NA,NA,NA
"193","South Africa","ZAF","Africa",14080,2,2019,2021-02-19,NA,NA,2021-02-17,2021-02-17,2,78,NA,NA,"Johnson&Johnson, Pfizer/BioNTech",2023-06-04,"Ministry of Health","https://covid19.who.int/",1,1,0,0,2021-12-20,5,306
"194","Zambia","ZMB","Africa",3450,1,2019,2021-04-18,2022-10-27,NA,2021-04-14,2021-04-14,4,134,561,NA,"Johnson&Johnson, Oxford/AstraZeneca, Sinopharm/Beijing",2023-06-25,"Government of Zambia","https://covid19.who.int/",0,1,1,0,2022-06-08,1,420
"195","Zimbabwe","ZWE","Africa",2260,1,2019,2021-02-21,NA,NA,2021-02-18,2021-02-18,3,79,NA,NA,"Oxford/AstraZeneca, Sinopharm/Beijing, Sinovac, Sputnik V",2022-10-09,"Ministry of Health","https://www.arcgis.com/home/webmap/viewer.html?url=https://services9.arcgis.com/DnERH4rcjw7NU6lv/ArcGIS/rest/services/Vaccine_Distribution_Program/FeatureServer&source=sd",0,1,1,0,NA,NA,NA
