"","country","iso_code","region","continent","worldbank_GNI_per_capita","worldbank_GNI_year","worldbank_GNI_quartile","min_vac_intro","min_vac_intro_source","owid_vac_F40","owid_vac_F70","diff_intro_F40","diff_intro_F70","owid_vaccines","owid_last_observation_date","any_mRNA","any_vectored","any_inactivated","any_protein","owid_source_name","owid_source_website","ivac_min_VE_pub_date","diff_intro_min_VE_pub","ivac_n_VE_studies","who_unicef_vac_intro_hcw","who_unicef_vac_F40_hcw","who_unicef_vac_F70_hcw","who_unicef_vac_intro_old","who_unicef_vac_F40_old","who_unicef_vac_F70_old"
"1","Aruba","ABW","Latin America & Caribbean","North America",28720,2019,4,2021-02-17,"who",2021-05-22,2021-09-27,94,222,"Pfizer/BioNTech",2023-10-13,1,0,0,0,"Government of Aruba","https://www.government.aw",NA,NA,NA,NA,NA,NA,2022-03-01,2022-03-01,2022-03-01
"2","Afghanistan","AFG","South Asia","Asia",520,2019,1,2021-02-22,"who",2023-06-20,NA,848,NA,"CanSino, Covaxin, Johnson&Johnson, Moderna, Oxford/AstraZeneca, Pfizer/BioNTech, Sinopharm/Beijing, Sinovac, Sputnik Light, Sputnik V",2023-10-08,1,1,1,0,"World Health Organization","https://covid19.who.int/",NA,NA,NA,2021-03-01,2023-03-01,NA,2022-08-01,2022-09-01,NA
"3","Angola","AGO","Sub-Saharan Africa","Africa",2110,2019,1,2021-03-08,"owid",NA,NA,NA,NA,"Oxford/AstraZeneca",2023-09-17,0,1,0,0,"World Health Organization","https://covid19.who.int/",NA,NA,NA,NA,NA,NA,NA,NA,NA
"4","Albania","ALB","Europe & Central Asia","Europe",5280,2019,2,2021-01-13,"equal",2022-02-01,NA,384,NA,"Oxford/AstraZeneca, Pfizer/BioNTech, Sinovac, Sputnik V",2023-07-16,1,1,1,0,"World Health Organization","https://covid19.who.int/",2023-05-05,842,1,2021-01-01,2021-01-01,2022-03-01,2021-01-01,2021-01-01,2021-01-01
"5","Andorra","AND","Europe & Central Asia","Europe",46450,2019,4,2021-01-20,"who",2021-07-19,NA,180,NA,"Moderna, Oxford/AstraZeneca, Pfizer/BioNTech",2023-08-06,1,1,0,0,"World Health Organization","https://covid19.who.int/",NA,NA,NA,2021-01-01,NA,NA,2021-01-01,2021-01-01,2021-01-01
"6","United Arab Emirates","ARE","Middle East & North Africa","Asia",45070,2019,4,2021-01-05,"owid",2021-04-20,2021-07-15,105,191,"CanSino, Covaxin, Johnson&Johnson, Moderna, Oxford/AstraZeneca, Pfizer/BioNTech, Sinopharm/Beijing, Sinovac, Sputnik Light, Sputnik V",2022-06-20,1,1,1,0,"National Emergency Crisis and Disaster Management Authority","https://covid19.who.int/",2021-10-27,295,2,NA,NA,NA,NA,NA,NA
"7","Argentina","ARG","Latin America & Caribbean","South America",11210,2019,3,2020-12-29,"equal",2021-09-18,2022-01-14,263,381,"CanSino, Moderna, Oxford/AstraZeneca, Pfizer/BioNTech, Sinopharm/Beijing, Sputnik V",2023-10-17,1,1,1,0,"Ministry of Health","https://covidstats.com.ar/",2022-03-15,441,3,2021-03-01,2021-03-01,2021-04-01,2021-03-01,2021-07-01,2021-08-01
"8","Armenia","ARM","Europe & Central Asia","Asia",4650,2019,2,2021-01-27,"who",NA,NA,NA,NA,"Johnson&Johnson, Moderna, Oxford/AstraZeneca, Pfizer/BioNTech, Sinopharm/Beijing, Sinopharm/Wuhan, Sinovac, Sputnik Light, Sputnik V",2023-09-03,1,1,1,0,"World Health Organization","https://covid19.who.int/",NA,NA,NA,2022-01-01,2022-01-01,NA,2022-01-01,2022-01-01,NA
"9","Antigua and Barbuda","ATG","Latin America & Caribbean","North America",18240,2019,3,2021-03-01,"who",2021-09-24,NA,207,NA,"Johnson&Johnson, Oxford/AstraZeneca, Pfizer/BioNTech, Sinopharm/Beijing, Sputnik V",2022-09-16,1,1,1,0,"Ministry of Health","https://covid19.who.int/",NA,NA,NA,NA,NA,NA,NA,NA,NA
"10","Australia","AUS","East Asia & Pacific","Oceania",54890,2019,4,2021-02-21,"who",2021-09-24,2021-11-21,215,273,"Johnson&Johnson, Moderna, Novavax, Oxford/AstraZeneca, Pfizer/BioNTech",2023-03-24,1,1,0,1,"Government of Australia via CovidBaseAU","https://covid19.who.int/",2023-07-29,888,1,2021-02-01,2021-02-01,2021-02-01,2021-02-01,2021-02-01,2021-02-01
"11","Austria","AUT","Europe & Central Asia","Europe",51050,2019,4,2020-12-30,"who",2021-07-09,2021-12-24,191,359,"Johnson&Johnson, Moderna, Novavax, Oxford/AstraZeneca, Pfizer/BioNTech, Sanofi/GSK, Valneva",2023-06-30,1,1,1,1,"European CDC","https://www.ecdc.europa.eu/en/publications-data/data-covid-19-vaccination-eu-eea",NA,NA,NA,NA,NA,NA,2021-01-01,2021-01-01,2021-01-01
"12","Azerbaijan","AZE","Europe & Central Asia","Asia",4510,2019,2,2021-01-20,"who",2021-10-14,NA,267,NA,"Oxford/AstraZeneca, Pfizer/BioNTech, Sinovac, Sputnik V",2022-08-28,1,1,1,0,"Government of Azerbaijan","https://koronavirusinfo.az",NA,NA,NA,NA,NA,NA,NA,NA,NA
"13","Burundi","BDI","Sub-Saharan Africa","Africa",220,2019,1,2021-10-18,"who",NA,NA,NA,NA,"Johnson&Johnson, Sinopharm/Beijing",2023-08-27,0,1,1,0,"World Health Organization","https://covid19.who.int/",NA,NA,NA,2022-04-01,NA,NA,NA,NA,NA
"14","Belgium","BEL","Europe & Central Asia","Europe",48050,2019,4,2020-12-30,"equal",2021-07-08,2021-08-30,190,243,"Johnson&Johnson, Moderna, Novavax, Oxford/AstraZeneca, Pfizer/BioNTech",2023-09-24,1,1,0,1,"Sciensano","https://epistat.wiv-isp.be/covid/",2022-05-11,497,2,2021-01-01,2021-01-01,2021-11-01,2021-01-01,2021-01-01,2021-01-01
"15","Benin","BEN","Sub-Saharan Africa","Africa",1170,2019,1,2021-03-29,"who",NA,NA,NA,NA,"Johnson&Johnson, Oxford/AstraZeneca, Pfizer/BioNTech, Sinovac",2022-12-18,1,1,1,0,"Ministry of Health","https://covid19.who.int/",NA,NA,NA,2022-03-01,2022-03-01,2022-03-01,2022-03-01,NA,NA
"16","Burkina Faso","BFA","Sub-Saharan Africa","Africa",750,2019,1,2021-06-02,"who",NA,NA,NA,NA,"Johnson&Johnson, Oxford/AstraZeneca, Sinopharm/Beijing",2023-07-23,0,1,1,0,"World Health Organization","https://covid19.who.int/",NA,NA,NA,2021-11-01,2021-11-01,2022-11-01,2023-01-01,2023-01-01,NA
"17","Bangladesh","BGD","South Asia","Asia",2220,2019,2,2021-01-27,"who",2022-02-18,2022-07-16,387,535,"Johnson&Johnson, Moderna, Oxford/AstraZeneca, Pfizer/BioNTech, Pfizer/BioNTech, Sinopharm/Beijing, Sinovac",2023-10-18,1,1,1,0,"Directorate General of Health Services","http://103.247.238.92/webportal/pages/covid19-vaccination-update.php",2022-12-02,674,1,NA,NA,NA,2022-02-01,2022-02-01,NA
"18","Bulgaria","BGR","Europe & Central Asia","Europe",9440,2019,3,2020-12-29,"owid",NA,NA,NA,NA,"Johnson&Johnson, Moderna, Oxford/AstraZeneca, Pfizer/BioNTech",2023-10-18,1,1,0,0,"Ministry of Health","https://coronavirus.bg/bg/statistika",NA,NA,NA,2021-01-01,2021-01-01,NA,2021-01-01,2021-01-01,2021-01-01
"19","Bahrain","BHR","Middle East & North Africa","Asia",25800,2019,4,2020-11-04,"who",2021-05-11,2021-07-17,188,255,"CanSino, Covaxin, Johnson&Johnson, Moderna, Oxford/AstraZeneca, Pfizer/BioNTech, Sinopharm/Beijing, Sinovac, Sputnik Light, Sputnik V",2022-12-21,1,1,1,0,"Ministry of Health","https://covid19.who.int/",NA,NA,NA,NA,NA,NA,NA,NA,NA
"20","Bahamas, The","BHS","Latin America & Caribbean","North America",30960,2019,4,2021-03-14,"equal",2022-09-16,NA,551,NA,"Johnson&Johnson, Oxford/AstraZeneca, Pfizer/BioNTech",2023-05-12,1,1,0,0,"Pan American Health Organization","https://ais.paho.org/imm/IM_DosisAdmin-Vacunacion.asp",NA,NA,NA,NA,NA,NA,2022-05-01,2022-05-01,NA
"21","Bosnia and Herzegovina","BIH","Europe & Central Asia","Europe",6180,2019,2,2021-04-14,"owid",NA,NA,NA,NA,"Oxford/AstraZeneca, Pfizer/BioNTech, Sinovac, Sputnik V",2022-01-29,1,1,1,0,"World Health Organization","https://covid19.who.int/",NA,NA,NA,2021-04-01,NA,NA,2021-04-01,NA,NA
"22","Belarus","BLR","Europe & Central Asia","Europe",6370,2019,2,2021-02-03,"who",2022-01-16,NA,347,NA,"KoviVac/Chumakov, Sinopharm/Beijing, Sputnik Light, Sputnik V",2023-08-13,0,1,1,0,"World Health Organization","https://covid19.who.int/",NA,NA,NA,2021-03-01,2021-12-01,2021-12-01,NA,NA,NA
"23","Belize","BLZ","Latin America & Caribbean","North America",5870,2019,2,2021-03-01,"who",2021-11-12,NA,256,NA,"Johnson&Johnson, Oxford/AstraZeneca, Pfizer/BioNTech, Sinopharm/Beijing",2023-05-12,1,1,1,0,"World Health Organization","https://ais.paho.org/imm/IM_DosisAdmin-Vacunacion.asp",NA,NA,NA,2021-03-01,2021-06-01,NA,2022-01-01,2022-01-01,2023-05-01
"24","Bermuda","BMU","North America","North America",116920,2019,4,2021-01-11,"who",2021-05-12,2021-12-10,121,333,"Oxford/AstraZeneca, Pfizer/BioNTech",2022-07-08,1,1,0,0,"Pan American Health Organization","https://ais.paho.org/imm/IM_DosisAdmin-Vacunacion.asp",NA,NA,NA,NA,NA,NA,NA,NA,NA
"25","Bolivia","BOL","Latin America & Caribbean","South America",3470,2019,2,2021-01-30,"who",2022-01-14,NA,349,NA,"Johnson&Johnson, Oxford/AstraZeneca, Pfizer/BioNTech, Sinopharm/Beijing, Sputnik V",2022-10-07,1,1,1,0,"Ministry of Health via https://www.boligrafica.com/","https://github.com/dquintani/vacunacion/",NA,NA,NA,2021-05-01,2021-05-01,2021-05-01,2021-05-01,2021-08-01,2021-11-01
"26","Brazil","BRA","Latin America & Caribbean","South America",9410,2019,3,2021-01-17,"who",2021-09-24,2022-02-05,250,384,"Johnson&Johnson, Oxford/AstraZeneca, Pfizer/BioNTech, Sinovac",2023-03-22,1,1,1,0,"State governments via coronavirusbra1.github.io","https://coronavirusbra1.github.io",2021-07-21,185,17,2021-05-01,2022-01-01,2022-01-01,2021-05-01,2021-05-01,2022-01-01
"27","Barbados","BRB","Latin America & Caribbean","North America",19490,2019,3,2021-01-08,"who",2021-10-11,NA,276,NA,"Johnson&Johnson, Oxford/AstraZeneca, Pfizer/BioNTech, Sinopharm/Beijing",2023-06-02,1,1,1,0,"Ministry of Health","https://covid19.who.int/",NA,NA,NA,NA,NA,NA,NA,NA,NA
"28","Brunei Darussalam","BRN","East Asia & Pacific","Asia",31550,2019,4,2021-04-03,"equal",2021-09-28,2021-11-19,178,230,"Johnson&Johnson, Moderna, Oxford/AstraZeneca, Pfizer/BioNTech, Sinopharm/Beijing",2023-06-30,1,1,1,0,"World Health Organization","https://covid19.who.int/",NA,NA,NA,2021-10-01,2021-10-01,2021-10-01,2021-04-01,2021-09-01,2021-10-01
"29","Bhutan","BTN","South Asia","Asia",3370,2019,2,2021-03-27,"equal",2021-07-23,2021-10-31,118,218,"Moderna, Oxford/AstraZeneca, Pfizer/BioNTech, Sinopharm/Beijing",2022-10-30,1,1,1,0,"World Health Organization","https://covid19.who.int/",NA,NA,NA,2022-05-01,2022-05-01,2022-05-01,2022-05-01,2022-05-01,2022-05-01
"30","Botswana","BWA","Sub-Saharan Africa","Africa",7520,2019,3,2021-03-26,"who",2022-01-17,NA,297,NA,"Covaxin, Johnson&Johnson, Moderna, Oxford/AstraZeneca, Pfizer/BioNTech, Sinovac",2023-05-07,1,1,1,0,"Africa Centres for Disease Control and Prevention","https://covid19.who.int/",NA,NA,NA,2021-11-01,2021-11-01,2021-11-01,2021-11-01,2021-11-01,2021-11-01
"31","Central African Republic","CAF","Sub-Saharan Africa","Africa",500,2019,1,2021-03-19,"who",2023-03-05,NA,716,NA,"Covaxin, Oxford/AstraZeneca",2023-09-03,0,1,1,0,"Africa Centres for Disease Control and Prevention","https://covid19.who.int/",NA,NA,NA,2022-10-01,2022-10-01,2022-10-01,2022-12-01,2022-12-01,2022-12-01
"32","Canada","CAN","North America","North America",46580,2019,4,2020-12-14,"who",2021-07-09,2021-09-28,207,288,"Johnson&Johnson, Medicago, Moderna, Novavax, Oxford/AstraZeneca, Pfizer/BioNTech",2023-02-02,1,1,0,1,"Official data from provinces via covid19tracker.ca","https://covid19tracker.ca/vaccinationtracker.html",2021-07-09,207,28,NA,NA,NA,2021-03-01,2021-06-01,2021-07-01
"33","Switzerland","CHE","Europe & Central Asia","Europe",83160,2019,4,2020-12-23,"who",NA,NA,NA,NA,"Johnson&Johnson, Moderna, Novavax, Pfizer/BioNTech",2023-07-03,1,1,0,1,"Federal Office of Public Health","https://opendata.swiss/en/dataset/covid-19-schweiz?detGeo=CH",NA,NA,NA,2021-02-01,2021-05-01,NA,2021-01-01,2021-01-01,2021-01-01
"34","Chile","CHL","Latin America & Caribbean","South America",14690,2019,3,2020-12-21,"who",2021-05-25,2021-09-02,155,255,"CanSino, Moderna, Oxford/AstraZeneca, Pfizer/BioNTech, Sinovac",2023-02-08,1,1,1,0,"Ministry of Health, via Ministry of Science GitHub repository","https://github.com/MinCiencia/Datos-COVID19",2021-07-07,198,5,2021-03-01,2021-03-01,2021-03-01,2021-03-01,2021-03-01,2021-03-01
"35","China","CHN","East Asia & Pacific","Asia",10310,2019,3,2020-07-22,"who",2021-08-12,2021-09-15,386,420,"CanSino, IMBCAMS, KCONVAC, Sinopharm/Beijing, Sinopharm/Wuhan, Sinovac, ZF2001",2023-02-09,0,1,1,1,"National Health Commission","https://www.chinacdc.cn/jkzt/crb/zl/szkb_11803/jszl_13141/202302/t20230211_263697.html",2022-01-10,537,5,2021-01-01,2021-01-01,2021-01-01,2021-01-01,2021-01-01,2021-01-01
"36","Cote d'Ivoire","CIV","Sub-Saharan Africa","Africa",2120,2019,1,2021-03-01,"who",2022-12-18,NA,657,NA,"Johnson&Johnson, Oxford/AstraZeneca, Pfizer/BioNTech, Sinopharm/Beijing, Sputnik V",2023-02-19,1,1,1,0,"World Health Organization","https://covid19.who.int/",NA,NA,NA,2021-03-01,NA,NA,2021-10-01,2022-02-01,2022-10-01
"37","Cameroon","CMR","Sub-Saharan Africa","Africa",1560,2019,1,2021-04-12,"who",NA,NA,NA,NA,"Johnson&Johnson, Oxford/AstraZeneca, Pfizer/BioNTech, Sinopharm/Beijing",2023-09-17,1,1,1,0,"World Health Organization","https://covid19.who.int/",NA,NA,NA,2021-10-01,2022-09-01,NA,2021-10-01,NA,NA
"38","Congo, Dem. Rep.","COD","Sub-Saharan Africa","Africa",490,2019,1,2021-04-19,"who",NA,NA,NA,NA,"Oxford/AstraZeneca",2023-06-04,0,1,0,0,"World Health Organization","https://covid19.who.int/",NA,NA,NA,2021-11-01,2022-09-01,2022-12-01,2021-11-01,2023-03-01,NA
"39","Congo, Rep.","COG","Sub-Saharan Africa","Africa",2180,2019,2,2021-03-23,"who",NA,NA,NA,NA,"Moderna, Oxford/AstraZeneca, Sinopharm/Beijing, Sputnik V",2022-07-31,1,1,1,0,"Africa Centres for Disease Control and Prevention","https://covid19.who.int/",NA,NA,NA,NA,NA,NA,NA,NA,NA
"40","Colombia","COL","Latin America & Caribbean","South America",6630,2019,3,2021-02-17,"who",2021-10-26,2022-07-29,251,527,"Johnson&Johnson, Moderna, Oxford/AstraZeneca, Pfizer/BioNTech, Sinovac",2023-04-07,1,1,1,0,"World Health Organization","https://covid19.who.int/",2021-10-19,244,6,2021-07-01,2021-07-01,2021-07-01,2021-07-01,2021-07-01,2021-07-01
"41","Comoros","COM","Sub-Saharan Africa","Africa",1530,2019,1,2021-04-10,"who",2022-07-03,NA,449,NA,"Covaxin, Oxford/AstraZeneca, Sinopharm/Beijing",2022-10-02,0,1,1,0,"World Health Organization","https://covid19.who.int/",NA,NA,NA,2021-11-01,2021-11-01,2021-11-01,2022-04-01,2023-01-01,2023-01-01
"42","Cabo Verde","CPV","Sub-Saharan Africa","Africa",4420,2019,2,2021-03-18,"who",2021-11-26,NA,253,NA,"Moderna, Oxford/AstraZeneca, Pfizer/BioNTech, Sinopharm/Beijing",2022-09-25,1,1,1,0,"World Health Organization","https://covid19.who.int/",NA,NA,NA,2021-10-01,2021-10-01,2021-10-01,2021-10-01,2021-10-01,NA
"43","Costa Rica","CRI","Latin America & Caribbean","North America",12240,2019,3,2020-12-24,"who",2021-09-27,2022-01-17,277,389,"Moderna, Oxford/AstraZeneca, Pfizer/BioNTech",2023-06-02,1,1,0,0,"Costa Rican Social Security Fund","https://covid19.who.int/",NA,NA,NA,2021-03-01,2021-03-01,2021-03-01,2021-03-01,2021-07-01,2021-07-01
"44","Cuba","CUB","Latin America & Caribbean","North America",9010,2019,3,2021-05-31,"owid",2021-09-18,2021-11-09,110,162,"Abdala, Soberana Plus, Soberana02",2023-09-08,0,0,0,1,"Ministry of Health","https://salud.msp.gob.cu/actualizacion-de-la-vacunacion-en-el-marco-de-los-estudios-de-los-candidatos-vacunales-cubanos-y-la-intervencion-sanitaria/",2022-09-28,485,1,2023-12-01,2023-12-01,2023-12-01,NA,NA,NA
"45","Curacao","CUW","Latin America & Caribbean","North America",19140,2019,3,2021-03-29,"owid",2021-06-21,NA,84,NA,"Moderna, Oxford/AstraZeneca, Pfizer/BioNTech",2023-05-12,1,1,0,0,"Government of Curacao","https://ais.paho.org/imm/IM_DosisAdmin-Vacunacion.asp",NA,NA,NA,NA,NA,NA,NA,NA,NA
"46","Cayman Islands","CYM","Latin America & Caribbean","North America",64520,2019,4,2021-01-15,"who",2021-04-20,2021-08-06,95,203,"Oxford/AstraZeneca, Pfizer/BioNTech",2023-04-21,1,1,0,0,"World Health Organization","https://covid19.who.int/",NA,NA,NA,NA,NA,NA,NA,NA,NA
"47","Cyprus","CYP","Europe & Central Asia","Europe",28840,2019,4,2020-12-23,"who",2021-07-02,2022-01-31,191,404,"Johnson&Johnson, Moderna, Novavax, Oxford/AstraZeneca, Pfizer/BioNTech",2023-02-22,1,1,0,1,"Ministry of Health","https://www.moh.gov.cy/moh/moh.nsf/All/0EFA027144C9E54AC22586BE0032B2F5",NA,NA,NA,2021-01-01,NA,NA,2021-01-01,2021-01-01,2021-01-01
"48","Czechia","CZE","Europe & Central Asia","Europe",22100,2019,3,2020-12-23,"who",2021-07-16,NA,205,NA,"Johnson&Johnson, Moderna, Novavax, Oxford/AstraZeneca, Pfizer/BioNTech, Sinovac",2023-09-16,1,1,1,1,"Ministry of Health","https://onemocneni-aktualne.mzcr.cz/covid-19",2021-12-12,354,4,2021-01-01,2021-01-01,2021-01-01,2021-01-01,2021-01-01,2021-01-01
"49","Germany","DEU","Europe & Central Asia","Europe",49470,2019,4,2020-12-23,"who",2021-07-06,2021-12-18,195,360,"Johnson&Johnson, Moderna, Novavax, Oxford/AstraZeneca, Pfizer/BioNTech, Valneva",2023-04-07,1,1,1,1,"Robert Koch Institut","https://impfdashboard.de/",2021-09-09,260,1,NA,NA,NA,2021-01-01,2021-01-01,2021-01-01
"50","Djibouti","DJI","Middle East & North Africa","Africa",2780,2019,2,2021-03-15,"who",NA,NA,NA,NA,"CanSino, Covaxin, Johnson&Johnson, Moderna, Oxford/AstraZeneca, Pfizer/BioNTech, Sinopharm/Beijing, Sinovac, Sputnik Light, Sputnik V",2023-10-08,1,1,1,0,"World Health Organization","https://covid19.who.int/",NA,NA,NA,NA,NA,NA,NA,NA,NA
"51","Dominica","DMA","Latin America & Caribbean","North America",8690,2019,3,2021-02-12,"who",2022-02-02,NA,355,NA,"Moderna, Oxford/AstraZeneca, Pfizer/BioNTech, Sinopharm/Beijing",2022-10-07,1,1,1,0,"Pan American Health Organization","https://ais.paho.org/imm/IM_DosisAdmin-Vacunacion.asp",NA,NA,NA,2021-07-01,NA,NA,2021-07-01,2021-07-01,2023-12-01
"52","Denmark","DNK","Europe & Central Asia","Europe",63020,2019,4,2020-12-16,"who",2021-07-16,2021-09-03,212,261,"Johnson&Johnson, Moderna, Oxford/AstraZeneca, Pfizer/BioNTech",2023-09-01,1,1,0,0,"Statens Serum Institute","https://www.ecdc.europa.eu/en/publications-data/data-covid-19-vaccination-eu-eea",2021-03-09,83,8,2021-01-01,2021-01-01,2021-07-01,2021-01-01,2021-01-01,2021-01-01
"53","Dominican Republic","DOM","Latin America & Caribbean","North America",7980,2019,3,2021-02-16,"who",2021-08-18,NA,183,NA,"Oxford/AstraZeneca, Pfizer/BioNTech, Sinopharm/Beijing, Sinovac",2023-09-03,1,1,1,0,"Ministry of Public Health","https://vacunate.gob.do",NA,NA,NA,NA,NA,NA,NA,NA,NA
"54","Algeria","DZA","Middle East & North Africa","Africa",4480,2019,2,2021-01-30,"who",NA,NA,NA,NA,"Oxford/AstraZeneca, Sinopharm/Beijing, Sinovac, Sputnik V",2022-09-04,0,1,1,0,"World Health Organization","https://covid19.who.int/",NA,NA,NA,NA,NA,NA,NA,NA,NA
"55","Ecuador","ECU","Latin America & Caribbean","South America",6100,2019,2,2021-01-20,"who",2021-08-23,2021-12-28,215,342,"CanSino, Oxford/AstraZeneca, Pfizer/BioNTech, Sinovac",2023-03-31,1,1,1,0,"Government of Ecuador via Ecuacovid","https://ais.paho.org/imm/IM_DosisAdmin-Vacunacion.asp",NA,NA,NA,2021-06-01,2021-06-01,2021-06-01,2021-06-01,2021-08-01,2021-10-01
"56","Egypt, Arab Rep.","EGY","Middle East & North Africa","Africa",2640,2019,2,2021-01-24,"who",NA,NA,NA,NA,"CanSino, Covaxin, Johnson&Johnson, Moderna, Oxford/AstraZeneca, Pfizer/BioNTech, Sinopharm/Beijing, Sinovac, Sputnik Light, Sputnik V",2023-05-21,1,1,1,0,"World Health Organization","https://covid19.who.int/",2022-03-11,411,1,NA,NA,NA,NA,NA,NA
"57","Eritrea","ERI","Sub-Saharan Africa",NA,650,2011,1,NA,"no date",NA,NA,NA,NA,NA,NA,NA,NA,NA,NA,NA,NA,NA,NA,NA,NA,NA,NA,NA,NA,NA
"58","Spain","ESP","Europe & Central Asia","Europe",30370,2019,4,2020-12-30,"who",2021-07-04,2021-08-31,186,244,"Johnson&Johnson, Moderna, Oxford/AstraZeneca, Pfizer/BioNTech",2023-05-24,1,1,0,0,"Ministry of Health","https://www.sanidad.gob.es/profesionales/saludPublica/ccayes/alertasActual/nCov/documentos/Informe_Comunicacion_20230526.ods",2021-04-29,120,9,2021-01-01,2021-01-01,2021-01-01,2021-01-01,2021-01-01,2021-01-01
"59","Estonia","EST","Europe & Central Asia","Europe",23060,2019,4,2020-12-23,"who",2021-07-19,NA,208,NA,"Johnson&Johnson, Moderna, Novavax, Oxford/AstraZeneca, Pfizer/BioNTech",2023-10-12,1,1,0,1,"National Health Board","https://opendata.digilugu.ee",NA,NA,NA,2021-01-01,2021-05-01,NA,2021-01-01,2021-01-01,2021-01-01
"60","Ethiopia","ETH","Sub-Saharan Africa","Africa",820,2019,1,2021-03-13,"who",NA,NA,NA,NA,"Covaxin, Johnson&Johnson, Oxford/AstraZeneca, Sinopharm/Beijing, Sinovac",2023-05-28,0,1,1,0,"World Health Organization","https://covid19.who.int/",NA,NA,NA,2021-10-01,2021-10-01,NA,2021-10-01,2022-02-01,2022-07-01
"61","Finland","FIN","Europe & Central Asia","Europe",49950,2019,4,2020-12-23,"who",2021-08-15,2021-10-31,235,312,"Moderna, Oxford/AstraZeneca, Pfizer/BioNTech",2023-08-22,1,1,0,0,"Finnish Institute for Health and Welfare","https://sampo.thl.fi/pivot/prod/en/vaccreg/cov19cov/fact_cov19cov",2021-06-28,187,4,NA,NA,NA,2021-01-01,2021-01-01,2021-01-01
"62","Fiji","FJI","East Asia & Pacific","Oceania",5620,2019,2,2021-03-07,"who",2021-09-21,NA,198,NA,"Moderna, Oxford/AstraZeneca, Pfizer/BioNTech",2023-05-01,1,1,0,0,"SPC Public Health Division","https://stats.pacificdata.org/vis?tm=covid&pg=0&df[ds]=SPC2&df[id]=DF_COVID_VACCINATION&df[ag]=SPC&df[vs]=1.0",NA,NA,NA,2021-11-01,2021-11-01,2021-11-01,2021-11-01,2021-11-01,2021-11-01
"63","France","FRA","Europe & Central Asia","Europe",42470,2019,4,2020-12-23,"who",2021-07-15,2021-12-03,204,345,"Johnson&Johnson, Moderna, Novavax, Oxford/AstraZeneca, Pfizer/BioNTech, Sanofi/GSK",2023-07-10,1,1,0,1,"Public Health France","https://www.data.gouv.fr/fr/datasets/donnees-relatives-aux-personnes-vaccinees-contre-la-covid-19-1/",2021-07-31,220,6,2021-03-01,2021-05-01,NA,2021-01-01,2021-01-01,2021-01-01
"64","Faroe Islands","FRO","Europe & Central Asia","Europe",66010,2019,4,2021-01-29,"owid",2021-07-07,2021-10-19,159,263,"Moderna, Pfizer/BioNTech",2022-02-18,1,0,0,0,"Government of the Faeroe Islands","https://corona.fo/api",NA,NA,NA,NA,NA,NA,NA,NA,NA
"65","Gabon","GAB","Sub-Saharan Africa","Africa",6870,2019,3,2021-03-23,"who",NA,NA,NA,NA,"Pfizer/BioNTech, Sinopharm/Beijing, Sputnik V",2023-02-05,1,1,1,0,"Africa Centres for Disease Control and Prevention","https://covid19.who.int/",NA,NA,NA,2023-02-01,2023-02-01,NA,2023-02-01,2023-03-01,2023-03-01
"66","United Kingdom","GBR","Europe & Central Asia","Europe",43240,2019,4,2020-12-21,"who",2021-06-04,2021-12-23,165,367,"Moderna, Oxford/AstraZeneca, Pfizer/BioNTech",2022-09-11,1,1,0,0,"Government of the United Kingdom","https://coronavirus.data.gov.uk/details/vaccinations",2021-02-21,62,48,NA,NA,NA,NA,NA,NA
"67","Georgia","GEO","Europe & Central Asia","Asia",4780,2019,2,2021-03-17,"who",NA,NA,NA,NA,"Oxford/AstraZeneca, Pfizer/BioNTech, Sinopharm/Beijing, Sinovac",2022-10-13,1,1,1,0,"National Center for Disease Control and Public Health","https://vaccines.ncdc.ge/vaccinationprocess/",NA,NA,NA,2021-03-01,2021-09-01,NA,2021-03-01,2022-01-01,NA
"68","Ghana","GHA","Sub-Saharan Africa","Africa",2170,2019,1,2021-03-02,"who",NA,NA,NA,NA,"Oxford/AstraZeneca, Sputnik V",2023-07-02,0,1,0,0,"World Health Organization","https://covid19.who.int/",NA,NA,NA,2021-12-01,2021-12-01,NA,2021-10-01,2023-03-01,2023-03-01
"69","Guinea","GIN","Sub-Saharan Africa","Africa",970,2019,1,2021-03-05,"who",2023-09-24,NA,933,NA,"Johnson&Johnson, Oxford/AstraZeneca, Pfizer/BioNTech, Sinopharm/Beijing, Sinovac, Sputnik V",2023-04-02,1,1,1,0,"National Health Security Agency","https://covid19.who.int/",NA,NA,NA,2022-02-01,2022-02-01,2023-01-01,2022-02-01,2022-02-01,NA
"70","Gambia, The","GMB","Sub-Saharan Africa","Africa",720,2019,1,2021-03-10,"who",NA,NA,NA,NA,"Johnson&Johnson, Oxford/AstraZeneca, Sinopharm/Beijing",2023-03-19,0,1,1,0,"Africa Centres for Disease Control and Prevention","https://covid19.who.int/",NA,NA,NA,2021-10-01,2021-10-01,2021-10-01,2021-10-01,NA,NA
"71","Guinea-Bissau","GNB","Sub-Saharan Africa","Africa",850,2019,1,2021-04-02,"who",NA,NA,NA,NA,"Oxford/AstraZeneca, Sinopharm/Beijing",2023-06-04,0,1,1,0,"World Health Organization","https://covid19.who.int/",NA,NA,NA,2022-01-01,2022-01-01,2022-01-01,2022-01-01,2022-07-01,2023-01-01
"72","Equatorial Guinea","GNQ","Sub-Saharan Africa","Africa",5130,2019,2,2021-02-12,"who",NA,NA,NA,NA,"Sinopharm/Beijing, Sinovac",2022-07-24,0,0,1,0,"World Health Organization","https://covid19.who.int/",NA,NA,NA,2021-02-01,2021-02-01,2021-02-01,NA,NA,NA
"73","Greece","GRC","Europe & Central Asia","Europe",19690,2019,3,2020-12-23,"who",2021-07-09,2022-01-24,198,397,"Johnson&Johnson, Moderna, Novavax, Oxford/AstraZeneca, Pfizer/BioNTech",2023-10-17,1,1,0,1,"Ministry of Health","https://www.data.gov.gr/datasets/mdg_emvolio/",2022-01-29,402,1,2021-02-01,2021-02-01,2021-05-01,2021-02-01,2021-05-01,2021-06-01
"74","Grenada","GRD","Latin America & Caribbean","North America",9400,2019,3,2021-02-15,"who",NA,NA,NA,NA,"Johnson&Johnson, Moderna, Oxford/AstraZeneca, Pfizer/BioNTech",2023-03-17,1,1,0,0,"World Health Organization","https://ais.paho.org/imm/IM_DosisAdmin-Vacunacion.asp",NA,NA,NA,2021-05-01,NA,NA,NA,NA,NA
"75","Greenland","GRL","Europe & Central Asia","North America",34800,2007,4,2021-01-27,"owid",2021-07-28,NA,182,NA,"Moderna",2022-03-14,1,0,0,0,"Government of Greenland","https://corona.nun.gl/en/",NA,NA,NA,NA,NA,NA,NA,NA,NA
"76","Guatemala","GTM","Latin America & Caribbean","North America",4490,2019,2,2021-02-25,"who",NA,NA,NA,NA,"Moderna, Oxford/AstraZeneca, Pfizer/BioNTech, Sputnik V",2023-05-12,1,1,0,0,"Ministry of Health","https://ais.paho.org/imm/IM_DosisAdmin-Vacunacion.asp",NA,NA,NA,2021-04-01,2021-05-01,2021-06-01,2021-05-01,2021-09-01,NA
"77","Guyana","GUY","Latin America & Caribbean","South America",6380,2019,2,2021-02-11,"who",2022-02-19,NA,373,NA,"Johnson&Johnson, Moderna, Oxford/AstraZeneca, Pfizer/BioNTech, Sinopharm/Beijing, Sputnik V",2023-02-17,1,1,1,0,"Ministry of Health","https://ais.paho.org/imm/IM_DosisAdmin-Vacunacion.asp",NA,NA,NA,NA,NA,NA,2022-03-01,2022-03-01,2022-08-01
"78","Hong Kong SAR, China","HKG","East Asia & Pacific","Asia",50480,2019,4,2021-02-23,"owid",2021-08-19,2022-03-04,177,374,"Pfizer/BioNTech, Sinovac",2023-08-31,1,0,1,0,"Food and Health Bureau","https://data.gov.hk/en-data/dataset/hk-fhb-fhbcovid19-vaccination-rates-over-time-by-age",2022-08-11,534,12,NA,NA,NA,2021-07-01,2021-09-01,2022-03-01
"79","Honduras","HND","Latin America & Caribbean","North America",2330,2019,2,2021-02-22,"who",2021-12-29,NA,310,NA,"Johnson&Johnson, Moderna, Oxford/AstraZeneca, Pfizer/BioNTech, Sputnik V",2023-06-02,1,1,0,0,"World Health Organization","https://covid19.who.int/",NA,NA,NA,2021-03-01,2021-06-01,2021-06-01,2021-07-01,2021-10-01,NA
"80","Croatia","HRV","Europe & Central Asia","Europe",15800,2019,3,2020-12-23,"who",2021-09-01,NA,252,NA,"Johnson&Johnson, Moderna, Novavax, Oxford/AstraZeneca, Pfizer/BioNTech",2023-10-10,1,1,0,1,"Ministry of Health","https://www.koronavirus.hr",NA,NA,NA,2021-01-01,2021-01-01,2022-02-01,2021-01-01,2021-01-01,2021-01-01
"81","Haiti","HTI","Latin America & Caribbean","North America",1410,2019,1,2021-07-21,"owid",NA,NA,NA,NA,"Johnson&Johnson, Moderna",2023-06-02,1,1,0,0,"World Health Organization","https://covid19.who.int/",NA,NA,NA,NA,NA,NA,NA,NA,NA
"82","Hungary","HUN","Europe & Central Asia","Europe",16570,2019,3,2020-12-23,"who",2021-06-05,NA,164,NA,"Johnson&Johnson, Moderna, Oxford/AstraZeneca, Pfizer/BioNTech, Sinopharm/Beijing, Sputnik V",2022-12-27,1,1,1,0,"Government of Hungary","https://koronavirus.gov.hu//cikkek/6-millio-421-ezer-beoltott-4-397-az-uj-fertozott-es-elhunyt-56-beteg",2021-11-24,336,3,2021-01-01,2021-01-01,2021-05-01,2021-01-01,2021-01-01,2021-01-01
"83","Indonesia","IDN","East Asia & Pacific","Asia",4020,2019,2,2021-01-13,"who",2021-12-25,NA,346,NA,"Johnson&Johnson, Moderna, Novavax, Oxford/AstraZeneca, Pfizer/BioNTech, Sinopharm/Beijing, Sinovac",2023-06-06,1,1,1,1,"Government of Indonesia","https://covid19.who.int/",2022-02-03,386,1,2021-04-01,2021-04-01,2021-04-01,2021-04-01,2022-02-01,NA
"84","Isle of Man","IMN","Europe & Central Asia","Europe",84470,2019,4,2021-01-21,"owid",2021-06-22,2021-08-02,152,193,"Moderna, Oxford/AstraZeneca, Pfizer/BioNTech",2022-06-23,1,1,0,0,"Isle of Man Government","https://covid19.gov.im/general-information/covid-19-vaccination-statistics/",NA,NA,NA,NA,NA,NA,NA,NA,NA
"85","India","IND","South Asia","Asia",2070,2019,1,2021-01-16,"equal",2021-12-24,NA,342,NA,"Corbevax, Covaxin, Novavax, Oxford/AstraZeneca, Sputnik V",2023-10-18,0,1,1,1,"Government of India","https://dashboard.cowin.gov.in/",2021-11-23,311,4,2021-04-01,2021-04-01,2021-04-01,2021-04-01,2022-02-01,2022-02-01
"86","Ireland","IRL","Europe & Central Asia","Europe",63590,2019,4,2020-12-28,"owid",2021-07-04,2021-09-06,188,252,"Johnson&Johnson, Moderna, Novavax, Oxford/AstraZeneca, Pfizer/BioNTech",2023-08-28,1,1,0,1,"Heath Service Executive","https://covid19ireland-geohive.hub.arcgis.com/",NA,NA,NA,2021-01-01,2021-01-01,2021-01-01,2021-01-01,2021-01-01,2021-01-01
"87","Iran, Islamic Rep.","IRN","Middle East & North Africa","Asia",4530,2019,2,2021-02-09,"who",2021-11-02,NA,266,NA,"COVIran Barekat, CanSino, Covaxin, Johnson&Johnson, Moderna, Oxford/AstraZeneca, Pfizer/BioNTech, Sinopharm/Beijing, Sinovac, Soberana02, Sputnik Light, Sputnik V",2023-08-15,1,1,1,1,"World Health Organization","https://covid19.who.int/",2022-12-23,682,1,2021-05-01,2021-05-01,2021-05-01,2021-05-01,2021-08-01,2021-08-01
"88","Iraq","IRQ","Middle East & North Africa","Asia",5520,2019,2,2021-03-02,"who",NA,NA,NA,NA,"CanSino, Covaxin, Johnson&Johnson, Moderna, Oxford/AstraZeneca, Pfizer/BioNTech, Sinopharm/Beijing, Sinovac, Sputnik Light, Sputnik V",2023-01-02,1,1,1,0,"World Health Organization","https://covid19.who.int/",NA,NA,NA,2022-03-01,2022-03-01,NA,2022-11-01,NA,NA
"89","Iceland","ISL","Europe & Central Asia","Europe",75160,2019,4,2020-12-30,"equal",2021-06-17,2021-08-25,169,238,"Johnson&Johnson, Moderna, Oxford/AstraZeneca, Pfizer/BioNTech",2022-03-29,1,1,0,0,"Directorate of Health","https://www.covid.is/tolulegar-upplysingar-boluefni",NA,NA,NA,2021-01-01,2021-01-01,2021-01-01,2021-01-01,2021-01-01,2021-01-01
"90","Israel","ISR","Middle East & North Africa","Asia",43800,2019,4,2020-12-16,"who",2021-03-07,NA,81,NA,"Moderna, Pfizer/BioNTech",2023-05-04,1,0,0,0,"Government of Israel","https://datadashboard.health.gov.il/COVID-19/general",2021-02-18,64,30,NA,NA,NA,2021-01-01,2021-01-01,2021-01-01
"91","Italy","ITA","Europe & Central Asia","Europe",34890,2019,4,2020-12-23,"who",2021-07-12,2021-10-04,201,285,"Johnson&Johnson, Moderna, Novavax, Oxford/AstraZeneca, Pfizer/BioNTech, Sanofi/GSK",2023-10-17,1,1,0,1,"Extraordinary commissioner for the Covid-19 emergency","https://raw.githubusercontent.com/italia/covid19-opendata-vaccini/master/dati/somministrazioni-vaccini-latest.csv",2021-04-29,127,13,NA,NA,NA,2021-01-01,2021-01-01,2021-01-01
"92","Jamaica","JAM","Latin America & Caribbean","North America",5480,2019,2,2021-03-10,"who",NA,NA,NA,NA,"Johnson&Johnson, Moderna, Oxford/AstraZeneca, Pfizer/BioNTech",2023-10-03,1,1,0,0,"Ministry of Health","https://vaccination.moh.gov.jm",NA,NA,NA,2021-06-01,2021-10-01,NA,2021-06-01,NA,NA
"93","Jordan","JOR","Middle East & North Africa","Asia",4190,2019,2,2021-01-13,"who",2022-06-27,NA,530,NA,"CanSino, Covaxin, Johnson&Johnson, Moderna, Oxford/AstraZeneca, Pfizer/BioNTech, Sinopharm/Beijing, Sinovac, Sputnik Light, Sputnik V",2022-08-21,1,1,1,0,"World Health Organization","https://covid19.who.int/",NA,NA,NA,2022-11-01,2022-11-01,2022-11-01,2022-11-01,2022-11-01,NA
"94","Japan","JPN","East Asia & Pacific","Asia",41970,2019,4,2021-02-17,"who",2021-08-11,2021-10-16,175,241,"Moderna, Novavax, Oxford/AstraZeneca, Pfizer/BioNTech",2023-05-07,1,1,0,1,"Prime Minister's Office","https://www.kantei.go.jp/jp/headline/kansensho/vaccine.html",2022-08-03,532,5,2021-02-01,2021-02-01,2021-02-01,2021-02-01,2021-02-01,2021-02-01
"95","Kazakhstan","KAZ","Europe & Central Asia","Asia",8500,2019,3,2021-02-11,"owid",2021-11-12,NA,274,NA,"QazVac, Sinopharm/Beijing, Sputnik V",2023-01-17,0,1,1,0,"Government of Kazakhstan","https://www.coronavirus2020.kz/",NA,NA,NA,2021-02-01,NA,NA,NA,NA,NA
"96","Kenya","KEN","Sub-Saharan Africa","Africa",1880,2019,1,2021-03-05,"who",NA,NA,NA,NA,"Johnson&Johnson, Moderna, Oxford/AstraZeneca, Pfizer/BioNTech, Sinopharm/Beijing",2023-04-02,1,1,1,0,"World Health Organization","https://covid19.who.int/",NA,NA,NA,2021-10-01,2021-11-01,NA,2021-10-01,NA,NA
"97","Kyrgyz Republic","KGZ","Europe & Central Asia","Asia",1240,2019,1,2021-03-31,"who",NA,NA,NA,NA,"Sinopharm/Beijing, Sputnik V",2023-09-08,0,1,1,0,"Ministry of Health","https://vc.emed.gov.kg/",NA,NA,NA,2021-03-01,2021-06-01,NA,2021-03-01,NA,NA
"98","Cambodia","KHM","East Asia & Pacific","Asia",2100,2019,1,2021-02-10,"who",2021-08-12,2021-10-12,183,244,"Johnson&Johnson, Moderna, Oxford/AstraZeneca, Pfizer/BioNTech, Sinopharm/Beijing, Sinovac",2023-09-07,1,1,1,0,"World Health Organization","https://covid19.who.int/",NA,NA,NA,2021-02-01,2021-02-01,2021-02-01,2021-02-01,2021-02-01,2021-02-01
"99","Kiribati","KIR","East Asia & Pacific","Oceania",3610,2019,2,2021-05-26,"who",2022-03-21,NA,299,NA,"Oxford/AstraZeneca",2023-02-20,0,1,0,0,"SPC Public Health Division","https://stats.pacificdata.org/vis?tm=covid&pg=0&df[ds]=SPC2&df[id]=DF_COVID_VACCINATION&df[ag]=SPC&df[vs]=1.0",NA,NA,NA,2021-08-01,2022-01-01,2022-09-01,2021-08-01,2021-12-01,2022-01-01
"100","St. Kitts and Nevis","KNA","Latin America & Caribbean","North America",23660,2019,4,2021-02-22,"who",2021-07-13,NA,141,NA,"Oxford/AstraZeneca, Pfizer/BioNTech",2022-12-07,1,1,0,0,"Pan American Health Organization","https://ais.paho.org/imm/IM_DosisAdmin-Vacunacion.asp",NA,NA,NA,NA,NA,NA,NA,NA,NA
"101","Korea, Rep.","KOR","East Asia & Pacific","Asia",33830,2019,4,2021-02-26,"equal",2021-09-15,2021-10-25,201,241,"Johnson&Johnson, Moderna, Novavax, Oxford/AstraZeneca, Pfizer/BioNTech",2023-05-26,1,1,0,1,"Korea Centers for Disease Control and Prevention","https://ncv.kdca.go.kr/",2022-08-17,537,3,2021-02-01,2021-02-01,2021-02-01,2021-02-01,2021-02-01,2021-02-01
"102","Kuwait","KWT","Middle East & North Africa","Asia",35680,2019,4,2020-12-28,"equal",2021-11-30,2021-11-30,337,337,"CanSino, Covaxin, Johnson&Johnson, Moderna, Oxford/AstraZeneca, Pfizer/BioNTech, Sinopharm/Beijing, Sinovac, Sputnik Light, Sputnik V",2023-10-08,1,1,1,0,"World Health Organization","https://covid19.who.int/",2021-07-29,213,2,NA,NA,NA,NA,NA,NA
"103","Lao PDR","LAO","East Asia & Pacific","Asia",2520,2019,2,2020-11-25,"who",2021-11-23,NA,363,NA,"Johnson&Johnson, Oxford/AstraZeneca, Pfizer/BioNTech, Sinopharm/Beijing, Sinovac, Sputnik Light, Sputnik V",2022-08-11,1,1,1,0,"World Health Organization","https://www.covid19.gov.la/index.php",NA,NA,NA,2021-02-01,2021-02-01,2021-02-01,2021-02-01,2021-02-01,2021-02-01
"104","Lebanon","LBN","Middle East & North Africa","Asia",8630,2019,3,2021-02-14,"who",2022-03-24,NA,403,NA,"CanSino, Covaxin, Johnson&Johnson, Moderna, Oxford/AstraZeneca, Pfizer/BioNTech, Sinopharm/Beijing, Sinovac, Sputnik Light, Sputnik V",2022-12-22,1,1,1,0,"World Health Organization","https://covid19.who.int/",2022-09-22,585,1,2022-11-01,2022-11-01,2022-11-01,2022-11-01,2022-11-01,NA
"105","Liberia","LBR","Sub-Saharan Africa","Africa",600,2019,1,2021-04-01,"who",2022-06-26,2022-12-11,451,619,"Oxford/AstraZeneca",2022-12-11,0,1,0,0,"World Health Organization","https://covid19.who.int/",NA,NA,NA,2022-05-01,2022-10-01,NA,2022-10-01,NA,NA
"106","Libya","LBY","Middle East & North Africa","Africa",10100,2019,3,2021-04-11,"who",NA,NA,NA,NA,"CanSino, Covaxin, Johnson&Johnson, Moderna, Oxford/AstraZeneca, Pfizer/BioNTech, Sinopharm/Beijing, Sinovac, Sputnik Light, Sputnik V",2023-01-16,1,1,1,0,"World Health Organization","https://covid19.who.int/",NA,NA,NA,NA,NA,NA,NA,NA,NA
"107","St. Lucia","LCA","Latin America & Caribbean","North America",11100,2019,3,2021-02-17,"who",NA,NA,NA,NA,"Johnson&Johnson, Moderna, Oxford/AstraZeneca, Pfizer/BioNTech",2022-12-02,1,1,0,0,"Ministry of Health","https://ais.paho.org/imm/IM_DosisAdmin-Vacunacion.asp",NA,NA,NA,NA,NA,NA,NA,NA,NA
"108","Liechtenstein","LIE","Europe & Central Asia","Europe",116380,2009,4,2021-01-04,"owid",NA,NA,NA,NA,"Johnson&Johnson, Moderna, Novavax, Pfizer/BioNTech",2023-06-07,1,1,0,1,"Federal Office of Public Health","https://opendata.swiss/en/dataset/covid-19-schweiz?detGeo=FL",NA,NA,NA,NA,NA,NA,NA,NA,NA
"109","Sri Lanka","LKA","South Asia","Asia",4220,2019,2,2021-01-29,"equal",2021-09-03,NA,217,NA,"Moderna, Oxford/AstraZeneca, Pfizer/BioNTech, Sinopharm/Beijing, Sputnik V",2022-10-30,1,1,1,0,"Ministry of Health's Epidemiology Unit","https://covid19.who.int/",NA,NA,NA,2021-08-01,2021-08-01,2021-08-01,2021-08-01,2022-06-01,2022-06-01
"110","Lesotho","LSO","Sub-Saharan Africa","Africa",1310,2019,1,2021-03-10,"who",2022-11-20,NA,620,NA,"Johnson&Johnson, Oxford/AstraZeneca, Sinopharm/Beijing",2023-03-19,0,1,1,0,"World Health Organization","https://covid19.who.int/",NA,NA,NA,2021-10-01,2021-10-01,2021-10-01,2022-01-01,2022-01-01,2022-01-01
"111","Lithuania","LTU","Europe & Central Asia","Europe",19130,2019,3,2020-12-23,"who",2021-07-06,NA,195,NA,"Johnson&Johnson, Moderna, Novavax, Oxford/AstraZeneca, Pfizer/BioNTech",2023-10-18,1,1,0,1,"Ministry of Health","https://experience.arcgis.com/experience/cab84dcfe0464c2a8050a78f817924ca/page/page_3/",NA,NA,NA,NA,NA,NA,2021-01-01,2021-01-01,2021-01-01
"112","Luxembourg","LUX","Europe & Central Asia","Europe",79180,2019,4,2020-12-28,"owid",2023-06-11,2023-06-11,895,895,"Johnson&Johnson, Moderna, Novavax, Oxford/AstraZeneca, Pfizer/BioNTech",2023-06-11,1,1,0,1,"Government of Luxembourg","https://covid19.who.int/",NA,NA,NA,2021-01-01,2021-01-01,2021-10-01,2021-01-01,2021-01-01,2021-01-01
"113","Latvia","LVA","Europe & Central Asia","Europe",17580,2019,3,2020-12-28,"owid",2021-08-24,2022-02-16,239,415,"Johnson&Johnson, Moderna, Novavax, Oxford/AstraZeneca, Pfizer/BioNTech",2022-07-11,1,1,0,1,"National Health Service","https://data.gov.lv/dati/eng/dataset/covid19-vakcinacijas",NA,NA,NA,2021-01-01,2021-01-01,2021-01-01,2021-01-01,2021-01-01,2021-01-01
"114","Macao SAR, China","MAC","East Asia & Pacific","Asia",71920,2019,4,2021-02-09,"owid",2021-09-06,2022-02-21,209,377,"Pfizer/BioNTech, Sinopharm/Beijing",2023-04-13,1,0,1,0,"Government of Macao","https://www.ssm.gov.mo/apps1/COVID19Case/en.aspx",NA,NA,NA,NA,NA,NA,NA,NA,NA
"115","Morocco","MAR","Middle East & North Africa","Africa",3510,2019,2,2021-01-28,"who",2021-08-31,NA,215,NA,"CanSino, Covaxin, Johnson&Johnson, Moderna, Oxford/AstraZeneca, Pfizer/BioNTech, Sinopharm/Beijing, Sinovac, Sputnik Light, Sputnik V",2023-05-14,1,1,1,0,"World Health Organization","https://covid19.who.int/",2022-01-27,364,1,NA,NA,NA,NA,NA,NA
"116","Moldova","MDA","Europe & Central Asia","Europe",4490,2019,2,2021-03-03,"who",NA,NA,NA,NA,"Johnson&Johnson, Moderna, Oxford/AstraZeneca, Pfizer/BioNTech, Sinopharm/Beijing, Sinovac, Sputnik V",2023-08-27,1,1,1,0,"Ministry of Health","https://covid19.who.int/",NA,NA,NA,2021-03-01,2021-05-01,2021-07-01,2021-03-01,2022-11-01,NA
"117","Madagascar","MDG","Sub-Saharan Africa","Africa",490,2019,1,2021-05-10,"who",NA,NA,NA,NA,"Johnson&Johnson, Oxford/AstraZeneca, Sinopharm/Beijing",2023-07-30,0,1,1,0,"World Health Organization","https://covid19.who.int/",NA,NA,NA,2021-08-01,2022-01-01,NA,2022-04-01,NA,NA
"118","Maldives","MDV","South Asia","Asia",10750,2019,3,2021-02-01,"who",2021-07-07,2021-12-22,156,324,"Johnson&Johnson, Moderna, Oxford/AstraZeneca, Pfizer/BioNTech, Sinopharm/Beijing, Sinovac, Sputnik V",2023-05-25,1,1,1,0,"World Health Organization","https://covid19.who.int/",NA,NA,NA,NA,NA,NA,2022-06-01,2022-06-01,2022-06-01
"119","Mexico","MEX","Latin America & Caribbean","North America",9860,2019,3,2020-12-24,"who",2021-10-18,NA,298,NA,"CanSino, Johnson&Johnson, Moderna, Oxford/AstraZeneca, Pfizer/BioNTech, Sinovac, Sputnik V",2022-11-18,1,1,1,0,"World Health Organization","https://ais.paho.org/imm/IM_DosisAdmin-Vacunacion.asp",2022-04-17,479,3,NA,NA,NA,2022-01-01,2022-01-01,2022-01-01
"120","North Macedonia","MKD","Europe & Central Asia","Europe",6520,2019,2,2021-02-17,"who",2022-06-19,NA,487,NA,"Moderna, Oxford/AstraZeneca, Pfizer/BioNTech, Sinopharm/Beijing, Sinopharm/Wuhan, Sinovac, Sputnik V",2023-05-07,1,1,1,0,"World Health Organization","https://covid19.who.int/",NA,NA,NA,2021-02-01,NA,NA,2021-02-01,2021-02-01,2021-02-01
"121","Mali","MLI","Sub-Saharan Africa","Africa",800,2019,1,2021-03-31,"who",NA,NA,NA,NA,"Oxford/AstraZeneca",2023-05-14,0,1,0,0,"World Health Organization","https://covid19.who.int/",NA,NA,NA,2021-10-01,2021-10-01,2021-11-01,2021-10-01,NA,NA
"122","Malta","MLT","Middle East & North Africa","Europe",29820,2019,4,2020-12-23,"who",2021-06-01,2021-07-27,160,216,"Johnson&Johnson, Moderna, Oxford/AstraZeneca, Pfizer/BioNTech",2023-10-17,1,1,0,0,"COVID-19 Malta Public Health Response Team","https://github.com/COVID19-Malta/COVID19-Cases",NA,NA,NA,2021-01-01,2021-01-01,2021-05-01,2021-01-01,2021-01-01,2021-01-01
"123","Myanmar","MMR","East Asia & Pacific","Asia",1380,2019,1,2021-01-27,"equal",2022-03-22,NA,419,NA,"Oxford/AstraZeneca, Sinopharm/Beijing",2023-05-02,0,1,1,0,"World Health Organization","https://covid19.who.int/",NA,NA,NA,NA,NA,NA,NA,NA,NA
"124","Montenegro","MNE","Europe & Central Asia","Europe",9140,2019,3,2021-02-24,"who",2021-11-20,NA,269,NA,"Oxford/AstraZeneca, Pfizer/BioNTech, Sinopharm/Beijing, Sputnik V",2022-08-26,1,1,1,0,"Government of Montenegro","https://www.covidodgovor.me/",NA,NA,NA,2021-02-01,2021-02-01,NA,2021-02-01,2021-02-01,2021-02-01
"125","Mongolia","MNG","East Asia & Pacific","Asia",3800,2019,2,2021-02-23,"who",2021-06-02,NA,99,NA,"Oxford/AstraZeneca, Pfizer/BioNTech, Sinopharm/Beijing, Sputnik V",2022-05-18,1,1,1,0,"Ministry of Health via ikon.mn","https://ikon.mn/",NA,NA,NA,2021-02-01,2021-02-01,2021-02-01,2021-02-01,2021-02-01,2021-02-01
"126","Mozambique","MOZ","Sub-Saharan Africa","Africa",500,2019,1,2021-03-08,"who",2022-10-16,NA,587,NA,"Johnson&Johnson, Oxford/AstraZeneca, Sinopharm/Beijing",2023-07-02,0,1,1,0,"World Health Organization","https://covid19.who.int/",NA,NA,NA,2021-03-01,2021-03-01,NA,2021-10-01,2022-06-01,2022-06-01
"127","Mauritania","MRT","Sub-Saharan Africa","Africa",1720,2019,1,2021-03-26,"who",NA,NA,NA,NA,"Oxford/AstraZeneca, Sinopharm/Beijing",2023-08-20,0,1,1,0,"Africa Centres for Disease Control and Prevention","https://covid19.who.int/",NA,NA,NA,NA,NA,NA,NA,NA,NA
"128","Mauritius","MUS","Sub-Saharan Africa","Africa",12440,2019,3,2021-01-26,"who",2021-07-26,2021-12-28,181,336,"Covaxin, Oxford/AstraZeneca, Sinopharm/Beijing",2023-07-30,0,1,1,0,"World Health Organization","https://covid19.who.int/",NA,NA,NA,NA,NA,NA,NA,NA,NA
"129","Malawi","MWI","Sub-Saharan Africa","Africa",540,2019,1,2021-03-11,"who",NA,NA,NA,NA,"Johnson&Johnson, Oxford/AstraZeneca",2023-07-02,0,1,0,0,"World Health Organization","https://covid19.who.int/",NA,NA,NA,2021-12-01,2021-12-01,2021-12-01,2021-12-01,NA,NA
"130","Malaysia","MYS","East Asia & Pacific","Asia",10750,2019,3,2021-02-24,"who",2021-08-24,2021-10-21,181,239,"CanSino, Oxford/AstraZeneca, Pfizer/BioNTech, Sinopharm/Beijing, Sinovac",2023-10-18,1,1,1,0,"Government of Malaysia","https://github.com/MoH-Malaysia/covid19-public",2022-01-16,326,3,2021-02-01,2021-02-01,2021-02-01,2021-02-01,2021-02-01,2021-02-01
"131","Namibia","NAM","Sub-Saharan Africa","Africa",4870,2019,2,2021-03-19,"who",NA,NA,NA,NA,"Johnson&Johnson, Oxford/AstraZeneca, Pfizer/BioNTech, Sinopharm/Beijing",2023-09-10,1,1,1,0,"Africa Centres for Disease Control and Prevention","https://covid19.who.int/",NA,NA,NA,2021-10-01,2021-10-01,2022-09-01,2023-01-01,NA,NA
"132","New Caledonia","NCL","East Asia & Pacific","Oceania",35550,2019,4,2021-01-20,"who",2021-10-12,NA,265,NA,"Pfizer/BioNTech",2023-05-09,1,0,0,0,"SPC Public Health Division","https://stats.pacificdata.org/vis?tm=covid&pg=0&df[ds]=SPC2&df[id]=DF_COVID_VACCINATION&df[ag]=SPC&df[vs]=1.0",NA,NA,NA,NA,NA,NA,2021-01-01,2021-01-01,NA
"133","Niger","NER","Sub-Saharan Africa","Africa",610,2019,1,2021-03-29,"who",NA,NA,NA,NA,"Oxford/AstraZeneca, Sinopharm/Beijing",2023-07-30,0,1,1,0,"World Health Organization","https://covid19.who.int/",NA,NA,NA,2021-03-01,NA,NA,2021-04-01,NA,NA
"134","Nigeria","NGA","Sub-Saharan Africa","Africa",2050,2019,1,2021-03-05,"who",NA,NA,NA,NA,"Oxford/AstraZeneca",2023-09-17,0,1,0,0,"World Health Organization","https://covid19.who.int/",NA,NA,NA,2021-10-01,2022-07-01,NA,2021-10-01,2022-10-01,2023-01-01
"135","Nicaragua","NIC","Latin America & Caribbean","North America",1930,2019,1,2021-03-03,"who",2021-12-29,2022-06-03,301,457,"Abdala, Johnson&Johnson, Moderna, Oxford/AstraZeneca, Pfizer/BioNTech, Sinopharm/Beijing, Soberana02, Sputnik Light, Sputnik V",2023-06-02,1,1,1,1,"World Health Organization","https://covid19.who.int/",NA,NA,NA,2021-06-01,2021-12-01,2021-12-01,2021-06-01,2022-10-01,2022-10-01
"136","Netherlands","NLD","Europe & Central Asia","Europe",51920,2019,4,2020-12-30,"who",2021-07-16,NA,198,NA,"Johnson&Johnson, Moderna, Novavax, Oxford/AstraZeneca, Pfizer/BioNTech",2023-09-01,1,1,0,1,"European CDC, via Marino van Zelst","https://www.ecdc.europa.eu/en/publications-data/data-covid-19-vaccination-eu-eea",2021-08-05,218,2,NA,NA,NA,2021-01-01,2021-01-01,2021-01-01
"137","Norway","NOR","Europe & Central Asia","Europe",82430,2019,4,2020-12-23,"who",2021-08-12,2021-11-18,232,330,"Moderna, Pfizer/BioNTech",2022-11-13,1,0,0,0,"Norwegian Institute of Public Health","https://github.com/folkehelseinstituttet/surveillance_data",2022-03-25,457,4,2021-01-01,2021-01-01,2021-08-01,2021-01-01,2021-01-01,2021-01-01
"138","Nepal","NPL","South Asia","Asia",1240,2019,1,2021-01-27,"who",2022-01-24,2022-08-29,362,579,"Covaxin, Johnson&Johnson, Moderna, Oxford/AstraZeneca, Pfizer/BioNTech, Sinopharm/Beijing, Sputnik V",2023-06-20,1,1,1,0,"World Health Organization","https://covid19.who.int/",NA,NA,NA,2021-08-01,2021-08-01,2021-08-01,2021-08-01,2021-08-01,2021-08-01
"139","Nauru","NRU","East Asia & Pacific","Oceania",15790,2019,3,2021-04-09,"equal",2021-07-20,2023-02-20,102,682,"Oxford/AstraZeneca",2023-02-20,0,1,0,0,"World Health Organization","https://stats.pacificdata.org/vis?tm=covid&pg=0&df[ds]=SPC2&df[id]=DF_COVID_VACCINATION&df[ag]=SPC&df[vs]=1.0",NA,NA,NA,2021-07-01,2021-07-01,2021-07-01,2021-06-01,2021-07-01,2021-07-01
"140","New Zealand","NZL","East Asia & Pacific","Oceania",43050,2019,4,2021-02-19,"who",2021-10-05,2021-12-01,228,285,"Novavax, Oxford/AstraZeneca, Pfizer/BioNTech",2023-04-04,1,1,0,1,"Ministry of Health","https://www.health.govt.nz/our-work/diseases-and-conditions/covid-19-novel-coronavirus/covid-19-data-and-statistics/covid-19-vaccine-data",NA,NA,NA,2021-02-01,2021-02-01,2021-02-01,2021-02-01,2021-02-01,2021-02-01
"141","Oman","OMN","Middle East & North Africa","Asia",17810,2019,3,2020-12-28,"owid",2021-09-28,NA,274,NA,"CanSino, Covaxin, Johnson&Johnson, Moderna, Oxford/AstraZeneca, Pfizer/BioNTech, Sinopharm/Beijing, Sinovac, Sputnik Light, Sputnik V",2022-10-25,1,1,1,0,"World Health Organization","https://covid19.who.int/",NA,NA,NA,2021-12-01,2021-12-01,2021-12-01,2021-12-01,2021-12-01,2021-12-01
"142","Pakistan","PAK","South Asia","Asia",1520,2019,1,2021-02-03,"who",2022-02-16,NA,378,NA,"CanSino, Covaxin, Johnson&Johnson, Moderna, Oxford/AstraZeneca, Pfizer/BioNTech, Sinopharm/Beijing, Sinovac, Sputnik Light, Sputnik V",2023-09-26,1,1,1,0,"National Command and Operation Centre","https://covid19.who.int/",NA,NA,NA,2021-03-01,2021-06-01,2021-07-01,2021-03-01,2022-02-01,2022-03-01
"143","Panama","PAN","Latin America & Caribbean","North America",15640,2019,3,2021-01-20,"equal",2021-09-05,2022-05-13,228,478,"Oxford/AstraZeneca, Pfizer/BioNTech",2023-05-12,1,1,0,0,"Pan American Health Organization","https://ais.paho.org/imm/IM_DosisAdmin-Vacunacion.asp",NA,NA,NA,2021-04-01,2021-04-01,2021-04-01,2021-07-01,2021-07-01,2021-08-01
"144","Peru","PER","Latin America & Caribbean","South America",6850,2019,3,2021-02-09,"equal",2021-10-10,2022-02-15,243,371,"Moderna, Oxford/AstraZeneca, Pfizer/BioNTech, Sinopharm/Beijing",2023-10-12,1,1,1,0,"Ministerio de Salud via github.com/jmcastagnetto/covid-19-peru-vacunas","https://www.datosabiertos.gob.pe/dataset/vacunacion",NA,NA,NA,2022-04-01,2022-04-01,2022-04-01,2022-04-01,2022-04-01,2022-04-01
"145","Philippines","PHL","East Asia & Pacific","Asia",3760,2019,2,2021-03-01,"who",2021-12-26,NA,300,NA,"Covaxin, Johnson&Johnson, Moderna, Novavax, Oxford/AstraZeneca, Pfizer/BioNTech, Sinopharm/Beijing, Sinovac, Sputnik Light, Sputnik V",2023-03-19,1,1,1,1,"Department of Health via ABS-CBN Investigative and Research Group","https://covid19.who.int/",NA,NA,NA,2021-03-01,2021-03-01,2021-04-01,2021-10-01,2021-10-01,2022-12-01
"146","Palau","PLW","East Asia & Pacific",NA,16220,2019,3,2021-01-03,"who",NA,NA,NA,NA,NA,NA,NA,NA,NA,NA,NA,NA,NA,NA,NA,2021-01-01,2021-01-01,2021-01-01,2021-01-01,2021-01-01,2021-01-01
"147","Papua New Guinea","PNG","East Asia & Pacific","Oceania",2420,2019,2,2021-03-30,"who",NA,NA,NA,NA,"Oxford/AstraZeneca",2023-05-01,0,1,0,0,"SPC Public Health Division","https://stats.pacificdata.org/vis?tm=covid&pg=0&df[ds]=SPC2&df[id]=DF_COVID_VACCINATION&df[ag]=SPC&df[vs]=1.0",NA,NA,NA,2021-06-01,2021-10-01,2022-03-01,2021-06-01,NA,NA
"148","Poland","POL","Europe & Central Asia","Europe",15510,2019,3,2020-12-23,"who",2021-07-17,NA,206,NA,"Johnson&Johnson, Moderna, Novavax, Oxford/AstraZeneca, Pfizer/BioNTech",2023-10-17,1,1,0,1,"Ministry of Health","https://www.gov.pl/web/szczepimysie/raport-szczepien-przeciwko-covid-19",NA,NA,NA,2021-01-01,2021-01-01,NA,2021-01-01,2021-01-01,2021-01-01
"149","Portugal","PRT","Europe & Central Asia","Europe",23180,2019,4,2020-12-23,"who",2021-07-09,2021-08-27,198,247,"Covaxin, Johnson&Johnson, Moderna, Novavax, Oxford/AstraZeneca, Pfizer/BioNTech, Sanofi/GSK, Sinopharm/Beijing, Sinovac",2023-09-01,1,1,1,1,"World Health Organization","https://www.ecdc.europa.eu/en/publications-data/data-covid-19-vaccination-eu-eea",2021-09-13,264,2,NA,NA,NA,2021-01-01,2021-01-01,2021-01-01
"150","Paraguay","PRY","Latin America & Caribbean","South America",5950,2019,2,2021-02-22,"who",2021-12-10,NA,291,NA,"Covaxin, Moderna, Oxford/AstraZeneca, Pfizer/BioNTech, Sinopharm/Beijing, Sinovac, Sputnik V",2023-05-12,1,1,1,0,"Pan American Health Organization","https://ais.paho.org/imm/IM_DosisAdmin-Vacunacion.asp",2022-03-22,393,3,2021-03-01,2021-05-01,NA,2021-04-01,2021-08-01,2021-12-01
"151","West Bank and Gaza","PSE","Middle East & North Africa","Asia",4200,2019,2,2021-02-02,"who",NA,NA,NA,NA,"CanSino, Covaxin, Johnson&Johnson, Moderna, Oxford/AstraZeneca, Pfizer/BioNTech, Sinopharm/Beijing, Sinovac, Sputnik Light, Sputnik V",2022-10-18,1,1,1,0,"World Health Organization","https://covid19.who.int/",NA,NA,NA,NA,NA,NA,2022-02-01,2022-02-01,NA
"152","French Polynesia","PYF","East Asia & Pacific","Oceania",19380,2000,3,2021-01-18,"who",2021-09-14,NA,239,NA,"Johnson&Johnson, Pfizer/BioNTech",2023-05-01,1,1,0,0,"SPC Public Health Division","https://stats.pacificdata.org/vis?tm=covid&pg=0&df[ds]=SPC2&df[id]=DF_COVID_VACCINATION&df[ag]=SPC&df[vs]=1.0",NA,NA,NA,NA,NA,NA,2021-01-01,2021-01-01,2021-01-01
"153","Qatar","QAT","Middle East & North Africa","Asia",65700,2019,4,2021-01-28,"owid",2021-05-31,2021-08-16,123,200,"CanSino, Covaxin, Johnson&Johnson, Moderna, Oxford/AstraZeneca, Pfizer/BioNTech, Sinopharm/Beijing, Sinovac, Sputnik Light, Sputnik V",2023-05-07,1,1,1,0,"Ministry of Public Health","https://covid19.who.int/",2021-06-22,145,16,NA,NA,NA,2021-03-01,2021-04-01,NA
"154","Romania","ROU","Europe & Central Asia","Europe",12700,2019,3,2020-12-28,"owid",2022-01-07,NA,375,NA,"Johnson&Johnson, Moderna, Oxford/AstraZeneca, Pfizer/BioNTech",2023-08-27,1,1,0,0,"Government of Romania via datelazi.ro","https://covid19.who.int/",NA,NA,NA,2021-01-01,2021-01-01,2021-01-01,2021-01-01,2021-01-01,2021-01-01
"155","Russian Federation","RUS","Europe & Central Asia","Europe",11190,2019,3,2020-12-15,"owid",2021-12-04,NA,354,NA,"EpiVacCorona, Sputnik V",2023-09-27,0,1,0,1,"Official data from local governments via gogov.ru","https://gogov.ru/articles/covid-v-stats",NA,NA,NA,NA,NA,NA,NA,NA,NA
"156","Rwanda","RWA","Sub-Saharan Africa","Africa",820,2019,1,2021-03-05,"equal",2022-01-27,2023-01-01,328,667,"Johnson&Johnson, Moderna, Oxford/AstraZeneca, Pfizer/BioNTech, Sinopharm/Beijing, Sinovac, Sputnik V",2023-06-04,1,1,1,0,"World Health Organization","https://covid19.who.int/",NA,NA,NA,2021-10-01,2021-10-01,2021-10-01,2021-10-01,2021-11-01,NA
"157","Saudi Arabia","SAU","Middle East & North Africa","Asia",27720,2019,4,2021-01-06,"equal",2021-08-30,NA,236,NA,"Oxford/AstraZeneca, Pfizer/BioNTech",2023-04-25,1,1,0,0,"Saudi Health Council","https://covid19.who.int/",NA,NA,NA,2021-03-01,2021-08-01,2021-10-01,2021-04-01,2021-08-01,NA
"158","Sudan","SDN","Sub-Saharan Africa","Africa",720,2019,1,2021-03-09,"who",NA,NA,NA,NA,"CanSino, Covaxin, Johnson&Johnson, Moderna, Oxford/AstraZeneca, Pfizer/BioNTech, Sinopharm/Beijing, Sinovac, Sputnik Light, Sputnik V",2023-04-02,1,1,1,0,"World Health Organization","https://covid19.who.int/",NA,NA,NA,2022-02-01,2022-02-01,2022-02-01,2022-02-01,NA,NA
"159","Senegal","SEN","Sub-Saharan Africa","Africa",1430,2019,1,2021-02-23,"who",NA,NA,NA,NA,"Johnson&Johnson, Oxford/AstraZeneca, Sinopharm/Beijing",2023-09-10,0,1,1,0,"World Health Organization","https://covid19.who.int/",NA,NA,NA,2021-02-01,2021-02-01,2021-02-01,2021-02-01,2021-02-01,2022-09-01
"160","Singapore","SGP","East Asia & Pacific","Asia",58810,2019,4,2020-12-30,"equal",2021-07-10,2021-08-14,192,227,"Moderna, Novavax, Pfizer/BioNTech, Sinopharm/Beijing, Sinovac",2023-01-31,1,0,1,1,"Government of Singapore","https://data.gov.sg/dataset/covid-19-vaccination",2021-11-01,306,5,2021-01-01,2021-01-01,2021-11-01,2021-01-01,2021-01-01,2021-01-01
"161","Solomon Islands","SLB","East Asia & Pacific","Oceania",2210,2019,2,2021-03-23,"who",NA,NA,NA,NA,"Oxford/AstraZeneca",2022-10-31,0,1,0,0,"SPC Public Health Division","https://stats.pacificdata.org/vis?tm=covid&pg=0&df[ds]=SPC2&df[id]=DF_COVID_VACCINATION&df[ag]=SPC&df[vs]=1.0",NA,NA,NA,2021-06-01,2021-12-01,2022-05-01,2021-07-01,2022-07-01,NA
"162","Sierra Leone","SLE","Sub-Saharan Africa","Africa",850,2019,1,2021-03-15,"who",2022-12-18,NA,643,NA,"Oxford/AstraZeneca, Sinopharm/Beijing",2023-07-30,0,1,1,0,"World Health Organization","https://covid19.who.int/",NA,NA,NA,2022-12-01,2022-12-01,2022-12-01,2022-12-01,NA,NA
"163","El Salvador","SLV","Latin America & Caribbean","North America",4130,2019,2,2021-02-17,"who",2021-08-27,NA,191,NA,"Oxford/AstraZeneca, Pfizer/BioNTech, Sinopharm/Beijing, Sinovac",2022-10-02,1,1,1,0,"Ministry of Health","https://covid19.gob.sv/",NA,NA,NA,2021-05-01,2021-05-01,2021-05-01,2021-05-01,2021-05-01,2021-08-01
"164","San Marino","SMR","Europe & Central Asia","Europe",43770,2019,4,2021-02-24,"who",2021-05-23,2022-03-20,88,389,"Pfizer/BioNTech, Sputnik V",2022-05-22,1,1,0,0,"World Health Organization","https://covid19.who.int/",2022-07-04,495,1,2021-02-01,2021-02-01,2021-05-01,2021-02-01,2021-02-01,2021-02-01
"165","Somalia","SOM","Sub-Saharan Africa","Africa",520,2019,1,2021-03-16,"who",2023-07-25,NA,861,NA,"CanSino, Covaxin, Johnson&Johnson, Moderna, Oxford/AstraZeneca, Pfizer/BioNTech, Sinopharm/Beijing, Sinovac, Sputnik Light, Sputnik V",2023-07-25,1,1,1,0,"World Health Organization","https://covid19.who.int/",NA,NA,NA,2021-05-01,2021-06-01,2021-06-01,2021-05-01,2022-11-01,NA
"166","Serbia","SRB","Europe & Central Asia","Europe",7380,2019,3,2020-12-23,"who",2021-08-12,NA,232,NA,"Oxford/AstraZeneca, Pfizer/BioNTech, Sinopharm/Beijing, Sputnik V",2022-06-23,1,1,1,0,"Government of Serbia","https://vakcinacija.gov.rs/",NA,NA,NA,2021-01-01,2021-01-01,NA,2021-01-01,2021-01-01,2021-01-01
"167","South Sudan","SSD","Sub-Saharan Africa","Africa",1050,2015,1,2021-04-06,"who",NA,NA,NA,NA,"Johnson&Johnson, Oxford/AstraZeneca",2023-09-17,0,1,0,0,"World Health Organization","https://covid19.who.int/",NA,NA,NA,2021-10-01,2022-02-01,2022-06-01,2021-10-01,2022-04-01,2022-04-01
"168","Sao Tome and Principe","STP","Sub-Saharan Africa","Africa",1810,2019,1,2021-03-15,"who",2022-06-05,NA,447,NA,"Oxford/AstraZeneca",2023-07-30,0,1,0,0,"World Health Organization","https://covid19.who.int/",NA,NA,NA,2021-11-01,2021-11-01,2021-11-01,2021-11-01,2023-06-01,NA
"169","Suriname","SUR","Latin America & Caribbean","South America",5960,2019,2,2021-02-23,"who",NA,NA,NA,NA,"Oxford/AstraZeneca, Pfizer/BioNTech, Sinopharm/Beijing",2022-05-23,1,1,1,0,"Government of Suriname","https://laatjevaccineren.sr/",NA,NA,NA,NA,NA,NA,NA,NA,NA
"170","Slovak Republic","SVK","Europe & Central Asia","Europe",19210,2019,3,2020-12-23,"who",2021-08-29,NA,249,NA,"Johnson&Johnson, Moderna, Novavax, Oxford/AstraZeneca, Pfizer/BioNTech, Sputnik V",2022-07-31,1,1,0,1,"Ministry of Health","https://github.com/Institut-Zdravotnych-Analyz/covid19-data/raw/main/Vaccination/OpenData_Slovakia_Vaccination_AgeGroup_District.csv",NA,NA,NA,NA,NA,NA,2021-01-01,2021-01-01,2021-01-01
"171","Slovenia","SVN","Europe & Central Asia","Europe",26040,2019,4,2020-12-23,"who",2021-08-04,NA,224,NA,"Johnson&Johnson, Moderna, Novavax, Oxford/AstraZeneca, Pfizer/BioNTech",2022-07-06,1,1,0,1,"National Institute of Public Health via covid-19.sledilnik.org","https://covid-19.sledilnik.org/sl/stats",NA,NA,NA,2021-01-01,2021-01-01,NA,2021-01-01,2021-01-01,2021-01-01
"172","Sweden","SWE","Europe & Central Asia","Europe",56230,2019,4,2020-12-23,"who",2021-08-08,2022-01-23,228,396,"Moderna, Novavax, Oxford/AstraZeneca, Pfizer/BioNTech",2023-10-08,1,1,0,1,"Public Health Agency of Sweden","https://www.fohm.se/folkhalsorapportering-statistik/statistikdatabaser-och-visualisering/vaccinationsstatistik/statistik-for-vaccination-mot-covid-19/",2021-04-21,119,6,2021-01-01,2021-07-01,2022-05-01,2021-01-01,2021-01-01,2021-01-01
"173","Eswatini","SWZ","Sub-Saharan Africa","Africa",3650,2019,2,2021-03-19,"who",NA,NA,NA,NA,"Johnson&Johnson, Oxford/AstraZeneca, Pfizer/BioNTech",2023-06-04,1,1,0,0,"World Health Organization","https://covid19.who.int/",NA,NA,NA,2021-06-01,2021-06-01,2021-08-01,2021-06-01,2021-11-01,2022-12-01
"174","Sint Maarten (Dutch part)","SXM","Latin America & Caribbean","North America",34060,2019,4,2021-05-07,"owid",2021-07-02,NA,56,NA,"Moderna, Oxford/AstraZeneca, Pfizer/BioNTech",2023-03-31,1,1,0,0,"World Health Organization","https://covid19.who.int/",NA,NA,NA,NA,NA,NA,NA,NA,NA
"175","Seychelles","SYC","Sub-Saharan Africa","Africa",18700,2019,3,2021-01-10,"who",2021-04-10,2021-10-25,90,288,"Oxford/AstraZeneca, Sinopharm/Beijing, Sputnik V",2023-04-09,0,1,1,0,"World Health Organization","https://covid19.who.int/",NA,NA,NA,NA,NA,NA,2021-10-01,2021-10-01,2021-10-01
"176","Syrian Arab Republic","SYR","Middle East & North Africa","Asia",970,2019,1,2021-04-01,"who",NA,NA,NA,NA,"CanSino, Covaxin, Johnson&Johnson, Moderna, Oxford/AstraZeneca, Pfizer/BioNTech, Sinopharm/Beijing, Sinovac, Sputnik Light, Sputnik V",2023-04-18,1,1,1,0,"World Health Organization","https://covid19.who.int/",NA,NA,NA,2021-10-01,NA,NA,2021-12-01,NA,NA
"177","Turks and Caicos Islands","TCA","Latin America & Caribbean","North America",26920,2019,4,2021-01-11,"who",2021-07-02,NA,172,NA,"Pfizer/BioNTech",2023-01-06,1,0,0,0,"World Health Organization","https://covid19.who.int/",NA,NA,NA,NA,NA,NA,NA,NA,NA
"178","Chad","TCD","Sub-Saharan Africa","Africa",670,2019,1,2021-06-04,"who",NA,NA,NA,NA,"Sinopharm/Beijing",2023-08-13,0,0,1,0,"Africa Centres for Disease Control and Prevention","https://covid19.who.int/",NA,NA,NA,2021-10-01,2022-11-01,2022-11-01,2021-10-01,2023-02-01,2023-02-01
"179","Togo","TGO","Sub-Saharan Africa","Africa",860,2019,1,2021-03-10,"who",NA,NA,NA,NA,"Oxford/AstraZeneca",2023-09-03,0,1,0,0,"World Health Organization","https://covid19.who.int/",NA,NA,NA,2022-01-01,2022-01-01,NA,2022-06-01,2022-12-01,2022-12-01
"180","Thailand","THA","East Asia & Pacific","Asia",7060,2019,3,2021-02-28,"who",2021-10-26,2022-03-30,240,395,"Moderna, Oxford/AstraZeneca, Pfizer/BioNTech, Sinopharm/Beijing, Sinovac",2022-09-30,1,1,1,0,"Government of Thailand","https://ddc.moph.go.th/covid19-dashboard/",2022-02-03,340,4,2021-04-01,2021-05-01,2021-05-01,2021-04-01,2022-02-01,NA
"181","Tajikistan","TJK","Europe & Central Asia","Asia",1050,2019,1,2021-03-24,"who",2022-02-20,NA,333,NA,"Moderna, Oxford/AstraZeneca, Pfizer/BioNTech, Sinovac, Sputnik V",2023-06-04,1,1,1,0,"World Health Organization","https://covid19.who.int/",NA,NA,NA,2022-01-01,2022-01-01,2022-01-01,NA,NA,NA
"182","Turkmenistan","TKM","Europe & Central Asia","Asia",6450,2019,2,2021-02-24,"who",2022-03-06,2023-08-06,375,893,"EpiVacCorona, Oxford/AstraZeneca, QazVac, Sinopharm/Beijing, Sputnik V, ZF2001",2023-08-06,0,1,1,1,"World Health Organization","https://covid19.who.int/",NA,NA,NA,2021-02-01,2021-11-01,NA,2021-02-01,NA,NA
"183","Timor-Leste","TLS","East Asia & Pacific","Asia",2180,2019,2,2021-04-07,"who",2022-01-04,NA,272,NA,"Oxford/AstraZeneca, Pfizer/BioNTech, Sinovac",2023-06-26,1,1,1,0,"World Health Organization","https://covid19.who.int/",NA,NA,NA,2021-08-01,2021-08-01,2021-08-01,2021-08-01,2021-08-01,2021-08-01
"184","Tonga","TON","East Asia & Pacific","Oceania",4940,2019,2,2021-04-14,"who",2021-11-22,2022-07-25,222,467,"Oxford/AstraZeneca",2023-04-11,0,1,0,0,"SPC Public Health Division","https://stats.pacificdata.org/vis?tm=covid&pg=0&df[ds]=SPC2&df[id]=DF_COVID_VACCINATION&df[ag]=SPC&df[vs]=1.0",NA,NA,NA,2021-07-01,2021-07-01,2021-08-01,2021-07-01,2021-07-01,2021-10-01
"185","Trinidad and Tobago","TTO","Latin America & Caribbean","North America",17540,2019,3,2021-02-17,"who",2021-11-06,NA,262,NA,"Johnson&Johnson, Oxford/AstraZeneca, Pfizer/BioNTech, Sinopharm/Beijing",2022-09-21,1,1,1,0,"Ministry of Health","https://services3.arcgis.com/x3I4DqUw3b3MfTwQ/arcgis/rest/services/service_7a519502598f492a9094fd0ad503cf80/FeatureServer/0/query",NA,NA,NA,2021-03-01,NA,NA,NA,NA,NA
"186","Tunisia","TUN","Middle East & North Africa","Africa",3590,2019,2,2021-03-13,"equal",2021-11-22,NA,254,NA,"CanSino, Covaxin, Johnson&Johnson, Moderna, Oxford/AstraZeneca, Pfizer/BioNTech, Sinopharm/Beijing, Sinovac, Sputnik Light, Sputnik V",2023-06-20,1,1,1,0,"World Health Organization","https://covid19.who.int/",NA,NA,NA,NA,NA,NA,2022-11-01,2022-11-01,2022-11-01
"187","Turkiye","TUR","Europe & Central Asia","Asia",9800,2019,3,2021-01-14,"owid",2021-08-19,NA,217,NA,"Pfizer/BioNTech, Sinovac, Turkovac",2022-11-22,1,0,1,0,"COVID-19 Vaccine Information Platform","https://covid19asi.saglik.gov.tr/",2022-03-19,429,3,NA,NA,NA,NA,NA,NA
"188","Tuvalu","TUV","East Asia & Pacific","Oceania",6880,2019,3,2021-04-13,"who",2021-09-10,2022-07-21,150,464,"Oxford/AstraZeneca",2023-02-01,0,1,0,0,"World Health Organization","https://covid19.who.int/",NA,NA,NA,2022-02-01,2022-02-01,2022-02-01,2022-02-01,NA,NA
"189","Tanzania","TZA","Sub-Saharan Africa","Africa",1050,2019,1,2021-07-28,"who",2022-11-27,NA,487,NA,"Johnson&Johnson, Pfizer/BioNTech, Sinopharm/Beijing",2023-03-12,1,1,1,0,"World Health Organization","https://covid19.who.int/",NA,NA,NA,2021-11-01,2021-11-01,NA,2021-11-01,2022-12-01,2022-12-01
"190","Uganda","UGA","Sub-Saharan Africa","Africa",810,2019,1,2021-03-10,"who",NA,NA,NA,NA,"Johnson&Johnson, Moderna, Oxford/AstraZeneca, Pfizer/BioNTech, Sinovac",2023-05-28,1,1,1,0,"World Health Organization","https://covid19.who.int/",NA,NA,NA,2021-11-01,2021-11-01,2022-04-01,2021-11-01,NA,NA
"191","Ukraine","UKR","Europe & Central Asia","Europe",3270,2019,2,2021-02-24,"who",NA,NA,NA,NA,"Johnson&Johnson, Moderna, Oxford/AstraZeneca, Pfizer/BioNTech, Sinovac",2022-02-27,1,1,1,0,"Ministry of Health","https://covid19.who.int/",NA,NA,NA,2021-02-01,2021-02-01,NA,2021-02-01,NA,NA
"192","Uruguay","URY","Latin America & Caribbean","South America",18390,2019,3,2021-02-27,"equal",2021-06-18,2021-08-12,111,166,"Oxford/AstraZeneca, Pfizer/BioNTech, Sinovac",2023-10-18,1,1,1,0,"Ministry of Health via vacuna.uy","https://monitor.uruguaysevacuna.gub.uy/",NA,NA,NA,2021-07-01,2021-07-01,2021-07-01,2021-03-01,2021-07-01,2021-11-01
"193","United States","USA","North America","North America",66220,2019,4,2020-12-13,"owid",2021-05-14,NA,152,NA,"Johnson&Johnson, Moderna, Novavax, Pfizer/BioNTech",2023-05-09,1,1,0,1,"Centers for Disease Control and Prevention","https://data.cdc.gov/Vaccinations/COVID-19-Vaccination-Trends-in-the-United-States-N/rh2h-3yt2",2021-02-18,67,135,NA,NA,NA,2021-03-01,2021-03-01,2021-06-01
"194","Uzbekistan","UZB","Europe & Central Asia","Asia",2150,2019,1,2021-04-06,"owid",2022-03-13,NA,341,NA,"Johnson&Johnson, Moderna, Oxford/AstraZeneca, Pfizer/BioNTech, Sinovac, Sputnik Light, Sputnik V, ZF2001",2023-08-13,1,1,1,1,"World Health Organization","https://covid19.who.int/",NA,NA,NA,2021-04-01,2021-08-01,2022-05-01,2021-04-01,NA,NA
"195","St. Vincent and the Grenadines","VCT","Latin America & Caribbean","North America",8700,2019,3,2021-02-01,"who",NA,NA,NA,NA,"Oxford/AstraZeneca, Pfizer/BioNTech, Sputnik Light, Sputnik V",2023-04-21,1,1,0,0,"World Health Organization","https://covid19.who.int/",NA,NA,NA,2021-03-01,2021-03-01,NA,2021-03-01,NA,NA
"196","Venezuela, RB","VEN","Latin America & Caribbean","South America",12990,2014,3,2021-02-22,"who",2021-12-17,NA,298,NA,"Abdala, Sinopharm/Beijing, Sinovac, Soberana02, Sputnik Light, Sputnik V",2022-12-07,0,1,1,1,"Pan American Health Organization","https://ais.paho.org/imm/IM_DosisAdmin-Vacunacion.asp",NA,NA,NA,2021-03-01,2021-08-01,2021-08-01,2021-03-01,2021-09-01,2021-09-01
"197","Viet Nam","VNM","East Asia & Pacific","Asia",3290,2019,2,2021-03-08,"who",2021-12-02,2022-01-13,269,311,"Abdala, Moderna, Oxford/AstraZeneca, Pfizer/BioNTech, Sinopharm/Beijing, Sputnik V",2023-06-30,1,1,1,1,"World Health Organization","https://covid19.who.int/",NA,NA,NA,2021-04-01,2021-07-01,2021-07-01,2021-08-01,2022-02-01,2022-03-01
"198","Vanuatu","VUT","East Asia & Pacific","Oceania",3740,2019,2,2021-06-02,"who",2022-10-17,NA,502,NA,"Oxford/AstraZeneca",2023-02-20,0,1,0,0,"SPC Public Health Division","https://stats.pacificdata.org/vis?tm=covid&pg=0&df[ds]=SPC2&df[id]=DF_COVID_VACCINATION&df[ag]=SPC&df[vs]=1.0",NA,NA,NA,2021-07-01,2021-08-01,2021-08-01,2021-07-01,2022-01-01,2022-04-01
"199","Samoa","WSM","East Asia & Pacific","Oceania",4270,2019,2,2021-04-18,"who",2021-11-30,2022-05-02,226,379,"Oxford/AstraZeneca",2023-04-17,0,1,0,0,"SPC Public Health Division","https://stats.pacificdata.org/vis?tm=covid&pg=0&df[ds]=SPC2&df[id]=DF_COVID_VACCINATION&df[ag]=SPC&df[vs]=1.0",NA,NA,NA,2022-02-01,2022-02-01,2022-02-01,2022-02-01,2022-02-01,2022-02-01
"200","Kosovo","XKX","Europe & Central Asia","Europe",4640,2019,2,2021-03-31,"who",2021-10-27,NA,210,NA,"Oxford/AstraZeneca, Pfizer/BioNTech",2023-02-12,1,1,0,0,"Ministry of Health","https://msh.rks-gov.net/sq/statistikat-covid-19/",NA,NA,NA,NA,NA,NA,NA,NA,NA
"201","Yemen, Rep.","YEM","Middle East & North Africa","Asia",740,2018,1,2021-04-20,"who",NA,NA,NA,NA,"CanSino, Covaxin, Johnson&Johnson, Moderna, Oxford/AstraZeneca, Pfizer/BioNTech, Sinopharm/Beijing, Sinovac, Sputnik Light, Sputnik V",2023-09-17,1,1,1,0,"World Health Organization","https://covid19.who.int/",NA,NA,NA,2021-06-01,NA,NA,2021-06-01,NA,NA
"202","South Africa","ZAF","Sub-Saharan Africa","Africa",6570,2019,3,2021-02-17,"who",NA,NA,NA,NA,"Johnson&Johnson, Pfizer/BioNTech",2023-06-04,1,1,0,0,"Ministry of Health","https://covid19.who.int/",2021-12-20,306,5,NA,NA,NA,2021-02-01,2021-02-01,2021-02-01
"203","Zambia","ZMB","Sub-Saharan Africa","Africa",1380,2019,1,2021-04-14,"who",2022-10-27,NA,561,NA,"Johnson&Johnson, Oxford/AstraZeneca, Sinopharm/Beijing",2023-06-25,0,1,1,0,"Government of Zambia","https://covid19.who.int/",2022-06-08,420,1,2021-09-01,2021-09-01,2021-12-01,2021-10-01,2023-01-01,NA
"204","Zimbabwe","ZWE","Sub-Saharan Africa","Africa",2170,2019,1,2021-02-18,"who",NA,NA,NA,NA,"Oxford/AstraZeneca, Sinopharm/Beijing, Sinovac, Sputnik V",2022-10-09,0,1,1,0,"Ministry of Health","https://www.arcgis.com/home/webmap/viewer.html?url=https://services9.arcgis.com/DnERH4rcjw7NU6lv/ArcGIS/rest/services/Vaccine_Distribution_Program/FeatureServer&source=sd",NA,NA,NA,NA,NA,NA,NA,NA,NA
